name,keyword,rating,type,review_count,x,y
울릉예림원,[],4.7,자연,0,130.83642846959998,37.530194428499996
국립등대박물관,['산책'],4.3,문화,12,129.56826014610002,36.0778398
송대말 등대,[],4.3,자연,0,129.51157848129998,35.80804695
월송정,[],4.4,역사,0,129.46911023709998,36.74429832
칠포해수욕장,[],4.1,자연,0,129.40055383930002,36.13196102
장생포 고래박물관,[],4.1,문화,60,129.38083747209998,35.50279548
학성공원,"['경치', '특별한', '도심의', '활기찬']",4,인문,10,129.33934240989998,35.5545
기청산식물원,[],4.4,자연,0,129.33266628229998,36.19577193
공룡발자국공원,[],4.4,인문,0,129.30618951739999,35.56266235
태화강 국가정원,"['산책', '포토존', '아름다운', '도심의']",4.6,자연,53,129.29131620430002,35.548863621500004
블루원 워터파크,[],4,인문,0,129.28925292530002,35.8276794
검봉산자연휴양림,[],4.1,자연,0,129.28540638799998,37.226092389899996
외고산 옹기마을,[],4.1,인문,0,129.27988712290002,35.43287922
진평왕릉,[],4.4,역사,0,129.25062284790002,35.83215872
황룡사역사문화관,[],4.2,문화,0,129.23072719430002,35.83829376
국립경주박물관,"['아름다운', '웅장한', '예술적', '활기찬']",4.5,문화,100,129.22789713950002,35.82939471
경주 월성(반월성),"['놀거리', '산책', '특별한', '포토존']",4.3,역사,18,129.22500842530002,35.83217212
추리문학관,[],4.3,문화,0,129.18333082729998,35.161693931100004
조현화랑,[],4.5,문화,0,129.17958406309998,35.156886066300004
파라다이스 카지노 부산,[],4.1,레포츠,0,129.16413254370002,35.159963213400005
뮤지엄 원,"['아름다운', '웅장한', '예술적', '산책']",4.4,문화,14,129.12906027879998,35.17141128
오륙도 스카이워크,['힐링'],4.2,인문,100,129.12293770620002,35.10228002
대연수목전시원,[],4.2,자연,0,129.09869196469998,35.12519645
국립해양박물관,['웅장한'],4.3,문화,39,129.08031983680002,35.07854022
부산시민공원,"['놀거리', '아름다운', '도심의', '힐링']",4.5,인문,57,129.05588069659998,35.16549392
이중섭거리,[],3.9,인문,0,129.05219559440002,35.140335563200004
부산과학체험관,[],4.2,인문,0,129.04415517290002,35.12035987
부산어린이대공원,"['산책', '포토존', '놀거리', '힐링']",4.5,인문,17,129.04267847170001,35.18725791
부산영화체험박물관,[],4.2,인문,0,129.03368992379998,35.101758985500005
무릉별유천지,[],4.3,인문,0,129.03307129520002,37.47600872
삼화사,[],3.5,역사,0,129.01425391889998,37.46356257
임경대,"['아름다운', '웅장한', '경치', '조용한']",4.3,자연,10,128.97783596719998,35.32247766
태백석탄박물관,[],4.3,문화,10,128.95056177840002,37.1174317
낙동강하구에코센터,[],4.4,자연,0,128.94589471129999,35.10442929
만휴정,[],4.4,역사,0,128.90986123870002,36.41046728
초선대마애석불,[],3.7,역사,0,128.90967508280002,35.227026001700004
수로왕릉,"['경치', '산책']",4.4,역사,25,128.87727491409998,35.23493008
영진해변,[],4.5,자연,0,128.83359067680001,37.87962209
안동호반자연휴양림,[],4.5,자연,0,128.82885711379998,36.70351288
장유대청계곡,[],4.4,자연,0,128.77554069110002,35.18536433
밀양시립박물관,[],4.1,문화,0,128.75919177120002,35.50334218
밀양읍성,[],4.3,역사,0,128.75643955110002,35.49181287
김해 분청도자박물관,[],4.8,문화,0,128.74587481860002,35.25153414
웅부공원,[],4.2,인문,0,128.73349735280001,36.56649339
안동 운흥동 당간지주와 오층전탑,[],4.4,역사,0,128.73131154889998,36.56258269
대관령 삼양목장,"['산책', '아름다운', '웅장한', '예술적']",4.4,인문,85,128.71969464219998,37.72399067
청도읍성,[],4.2,역사,0,128.70661453379998,35.65085236
산운마을,[],3.5,역사,0,128.70202882729998,36.24472667
거제씨월드,[],4.1,문화,18,128.70149262549998,34.83589376
판문점,[],4.5,역사,100,128.69082736049998,35.232613035300005
거제도 해금강,[],4.9,자연,0,128.68392464549999,34.73333545
대구삼성라이온즈파크,[],4.6,레포츠,35,128.68126147659999,35.841172054699996
문동폭포,[],4.4,자연,0,128.66330095979998,34.856274131599996
진해내수면 환경생태공원,"['산책', '힐링', '경치', '포토존']",4.5,자연,24,128.65852106469998,35.15875685
군위 아미타여래삼존 석굴,[],4.2,역사,0,128.64069537700001,36.0477229
병방치 스카이워크,"['경치', '산책', '아름다운']",5,인문,24,128.63547152360002,37.36237803
부연동 스카이케빈,[],4.4,레포츠,0,128.63458390579999,37.87147195
백석폭포,[],4.2,자연,0,128.62810798290002,37.46511604
낙산사,"['산책', '아름다운', '힐링', '경치']",4.5,역사,100,128.62735449049998,38.12485627
국채보상운동기념공원,"['조용한', '활기찬', '전통적', '포토존']",4.3,인문,18,128.60173716190002,35.86848416
청초호,[],4.5,자연,0,128.59049171659998,38.19638057
대구 약령시 한의약박물관,"['재밌는', '조용한', '활기찬', '경치']",4.1,인문,46,128.58990764700002,35.86853394
대구제일교회,[],4.6,역사,0,128.58954935030002,35.86836173
속초 엑스포타워,"['도심의', '경치', '아름다운', '웅장한']",3.9,인문,44,128.58312864290002,38.19167542
서남시장,[],4.2,쇼핑,0,128.54515920469998,35.85439305
월곡역사공원,[],4.3,인문,12,128.54462137209998,35.81802493
척산족욕공원,"['힐링', '산책', '놀거리', '포토존']",4.2,자연,17,128.54230752459998,38.1860975
부용대,[],4.5,자연,0,128.51799490850001,36.54460018
예천박물관,[],4.5,문화,0,128.51444911459998,36.69887415
창녕박물관,[],4.5,문화,0,128.50504622879998,35.54574108
광암해수욕장,[],4.1,자연,0,128.50214456770001,35.10218814
계명아트센터,[],4.4,문화,0,128.48888357040002,35.85579186
계명대학교 행소박물관,['경치'],4.1,문화,13,128.48888357040002,35.85579186
천불동계곡,[],4.7,자연,0,128.48849891540002,38.1735618
금강굴,"['경치', '아름다운', '포토존', '산책']",4.3,자연,14,128.48849891540002,38.1735618
비룡폭포,"['산책', '경치']",4.5,자연,22,128.48556264409999,38.187290701799995
오색탄산온천,"['힐링', '경치', '산책']",4.4,인문,15,128.44802490950002,38.08077459
이순신공원,"['아름다운', '산책', '포토존', '경치']",4.5,인문,72,128.44292324399999,34.84383823
송정자연휴양림,[],4.1,레포츠,0,128.44166363719998,36.023377545500004
동피랑마을,"['경치', '아름다운', '포토존', '산책']",4,인문,100,128.42764675709998,34.84534612
양방산전망대,[],4.5,인문,0,128.38202256190002,36.96836578
단양강 잔도,[],4.4,자연,0,128.33982327959998,36.97804999
강주 해바라기 마을,[],3.4,인문,0,128.33315071319998,35.32135214
화이트캐빈,[],4.4,레포츠,0,128.32160968350001,37.58782658
휘닉스 평창,[],4.3,인문,0,128.32045712020002,37.58412698
성주 세종대왕자 태실,[],4.4,역사,0,128.29405457069998,36.0196336
젊은달 와이파크,[],4.4,문화,0,128.26914040129998,37.2740146
마리소리골악기박물관,[],4.3,문화,0,128.25111154430002,37.73797452
제천 약초시장,[],3.8,쇼핑,0,128.21961302280002,37.12793884
정방사,[],4.5,역사,0,128.20664293040002,36.99917563
문경문화원,[],4.5,문화,0,128.19858850629998,36.59752987
국순당 주향로,[],5,인문,0,128.19668499649998,37.489702227600006
청풍호반케이블카,[],4.5,인문,0,128.16680199639998,37.001313528699995
정양레포츠공원,[],4.2,인문,0,128.16670900440002,35.556964241100005
상족암군립공원,[],4.4,자연,0,128.15416058969998,34.9098757
용하구곡,[],4.7,자연,0,128.15270978700002,36.87125876
짚라인 문경,[],4.4,레포츠,0,128.13680163200002,36.6229036
불정자연휴양림,[],4.2,자연,0,128.13426586309998,36.61882624
교동 연화지,[],4.4,자연,0,128.09364127799998,36.13782762
배론성지,[],4.6,역사,0,128.08379370219998,37.1612158
옛길박물관,[],4.1,문화,0,128.07637248950002,36.76315309
망진산 봉수대,[],4.4,역사,0,128.07587432469998,35.17716376
황계폭포,[],4.2,자연,0,128.07293514370002,35.51167601
오도산자연휴양림,[],4.4,자연,0,128.05466351139998,35.65307636
미조항,[],4.1,자연,0,128.04333084569998,34.71576214
부항댐 출렁다리,[],4.5,인문,0,127.99695138860001,35.98081872
낙천탕,[],4.1,인문,0,127.98800301709998,36.8468363
가리산자연휴양림,[],4.3,자연,0,127.97950733540002,37.86561567
정취암,[],4.5,역사,0,127.97469705530001,35.38911309
백운산자연휴양림,[],4,자연,0,127.94212253020001,37.27721368
거창박물관,[],4.5,문화,0,127.91026182190001,35.67346314
충주 라바랜드,[],4.2,인문,0,127.90778113530001,36.98969063
수주팔봉,[],4.5,자연,0,127.89970540680001,36.943348585100004
견훤산성,[],4.7,역사,0,127.89936028129999,36.57562688
남해유배문학관,[],4,문화,0,127.89921822069999,34.8319605
동서울레스피아,[],3.3,레포츠,0,127.87946069729999,37.40082324
성불산자연휴양림,[],4.4,자연,0,127.86180688030001,36.815698669899994
충주 장미산성,[],3.9,역사,0,127.85789510219999,37.04654983
이순신순국공원,[],4.3,인문,0,127.85541991870001,34.91486711
대산계곡,[],3.4,자연,0,127.85407874100001,37.432249686599995
충민사,[],4.4,역사,0,127.84769088899999,36.83655157
봉은사,"['조용한', '아름다운', '도심의', '활기찬']",4.5,역사,100,127.84205543530001,37.12336846
뮤지엄산,"['조용한', '아름다운']",4.5,문화,66,127.82373752790001,37.41549551
뮤지엄산,[],4.5,문화,0,127.82373752790001,37.41549551
동고지마을,[],4.2,인문,0,127.81908932389999,34.495907799899996
보은 속리 정이품송,[],4.3,자연,0,127.81544718040001,36.51751257
양평다목적캠핑장,[],4,레포츠,0,127.79145886170001,37.45084915
구봉산 전망대 카페거리,[],4.2,인문,0,127.77669996360001,37.892817039200004
지리산 천왕봉,[],4.7,자연,0,127.74888584760001,35.30358263
돌산대교,[],4.3,인문,0,127.73711277209999,34.73022464
무주덕유산리조트,[],4,인문,0,127.73139406600001,35.8897993
책과인쇄박물관,[],4.1,문화,0,127.72481797350001,37.819416273200005
광양 매화마을,"['경치', '산책', '아름다운', '놀거리']",4.3,인문,17,127.71534737479999,35.08039885
화천박물관,[],4.1,문화,0,127.70401157629999,38.097861239400004
봉화산,[],4.5,자연,0,127.70321459120001,34.88423456
삼성궁,[],4.2,역사,0,127.70120280729999,35.24026393
설성공원,[],4.1,인문,0,127.69109944510001,36.9329543
하미앙 와인밸리,[],4,인문,0,127.67179941139999,35.46922368
무주향로산자연휴양림,[],4.5,자연,0,127.66991257219999,36.02405238
미동산수목원,[],4.5,자연,0,127.66887667549999,36.62748342
여주곤충박물관,[],4.5,문화,0,127.66278713620001,37.259510570799996
강아지숲,[],4.5,인문,0,127.66204001540001,37.73648863
소호동동다리,[],4.4,인문,0,127.65088120639999,34.73884162
장계관광지,[],3.9,인문,0,127.63502549889999,36.37758087
광덕사,"['놀거리', '힐링', '특별한']",4.4,역사,18,127.62466657979999,36.83248131
양평드림캠핑장,[],3.6,레포츠,0,127.62316433139999,37.5002181
광양향교,[],4.2,역사,0,127.58811939659999,34.98244376
운보의 집,[],4.2,문화,0,127.56505363459999,36.69192138
더시크릿가든 캠프지라운드,[],4.3,레포츠,0,127.55290453200001,37.76938279
가평현암농경유물박물관,[],3.8,문화,0,127.54803230370001,37.87921437
당남리섬,[],4.1,자연,0,127.54744906120001,37.40086711
남이섬,"['산책', '아름다운', '활기찬', '경치']",4.4,인문,100,127.52550901379999,37.79632082
하늘숲캠핑장,[],3.3,레포츠,0,127.50928606229999,37.776814455300006
봉래산,[],4.5,자연,0,127.50839292959999,34.43540089
수암골전망대,[],4.3,인문,0,127.49546671559999,36.64566155
문의문화재단지,[],4.1,역사,0,127.49373735350001,36.507160730900004
남열해돋이해수욕장,[],4.2,자연,0,127.48691619200001,34.58063707
구례 산수유마을,[],4.5,인문,0,127.48496937639999,35.33598547
칼봉산카라반캠핑장,[],3.9,레포츠,0,127.48245923610001,37.82776081
와룡자연휴양림,[],4.4,자연,0,127.47721117309999,35.6762996
대청호 로하스 캠핑장,[],4.3,레포츠,0,127.47417104780001,36.45656062
대청호오백리길,"['힐링', '산책']",4.4,레포츠,10,127.47195961450001,36.37390615
취백정,[],3.5,역사,0,127.47142653780001,36.46793705
육모정,[],4.6,역사,0,127.46139230690001,35.38896241
충렬사,"['조용한', '아름다운', '놀거리', '활기찬']",3,역사,20,127.45618983600001,36.13054478
장동산림욕장,[],4.6,자연,0,127.44253082799999,36.40557145
진천 농다리,"['아름다운', '웅장한', '힐링', '조용한']",4.3,역사,12,127.43989381120001,36.85007317
태영민속박물관,[],4.5,문화,0,127.43661591959999,36.05168954
보문산마애여래좌상,[],4.4,역사,0,127.43383984299999,36.3069298
서후리숲,[],4,자연,0,127.43017715069999,37.56637078
죽주산성,[],4.4,역사,0,127.42982689549999,37.08952318
이천시립박물관,[],4,문화,0,127.42734131370001,37.274946155500004
대전 중구문화원,[],3.9,문화,0,127.42416526129999,36.32337219
회덕향교,[],3.7,역사,0,127.42151106819999,36.384201298200004
웰링턴CC,[],4.6,레포츠,0,127.41898668030001,37.17117189
진안 가위박물관,[],4.1,문화,0,127.41502543530001,35.76596333
연인산도립공원,[],4.2,자연,0,127.41454113350001,37.89850688
해강도자미술관,[],3.5,문화,0,127.40495070829999,37.30888627
솔로몬로파크,[],4.4,인문,0,127.39985760959999,36.37831825
표충사,['산책'],4.3,역사,15,127.39491662389999,36.16394822
장태산자연휴양림,"['힐링', '조용한', '활기찬', '아름다운']",4.5,자연,19,127.39240578409999,36.36779432
남원시립김병종미술관,[],4.5,문화,0,127.38957062120001,35.39869617
뉴힐링캠프,[],4.3,레포츠,0,127.38882438649999,38.07542189
글램핑클럽레스피아 in포천백운계곡,[],3,레포츠,0,127.38785269819999,38.060354182800005
태안사,[],4.3,역사,0,127.38639998059999,35.131987333699996
한빛탑,[],4.2,인문,0,127.38636440219999,36.377207029299996
대전교통문화연수원,[],4.1,인문,0,127.38636440219999,36.377207029299996
대전예술의전당,[],4.5,문화,0,127.38376770040001,36.36660264
한국 초콜릿연구소뮤지엄,[],4.6,문화,0,127.38028644149999,37.690116609200004
둔산선사유적지,"['특별한', '도심의', '활기찬', '신기한']",3.9,역사,17,127.37895439399999,36.36099764
아쿠아마린글램핑,[],4.4,레포츠,0,127.37658743370001,38.04776378
창계숭절사,[],4.3,역사,0,127.37230150629999,36.28444794
남원 만복사지,[],4.3,역사,0,127.36798063190001,35.407619787899996
오봉저수지,[],4.2,레포츠,0,127.36433945690001,35.61476016
아침고요수목원,"['조용한', '아름다운', '놀거리', '활기찬']",4.4,자연,90,127.35255684799999,37.74401261
명성산,[],4,자연,0,127.35042174709999,38.095674368699996
새연카라반리조트,[],4,레포츠,0,127.34656273790002,37.84680054
금둔사,[],4.4,역사,0,127.33973433799999,34.92514037
임실 오수망루,[],4.8,역사,0,127.32882238170001,35.5379988
대전어린이회관,[],4.5,문화,0,127.32660899950001,36.36387972
대전선사박물관,"['놀거리', '도심의', '포토존']",4.2,문화,10,127.32389513780001,36.37183987
모란미술관,[],4,문화,0,127.32374829209999,37.6504063
더포레스트캠핑장,[],4.4,레포츠,0,127.32366516309999,37.352576957800004
물의정원,"['힐링', '산책', '경치', '활기찬']",4.3,자연,11,127.31324636309999,37.55756134
안성 남사당 공연장,[],4.5,문화,0,127.31014487590001,37.03182212
용인힐링캠핑장,[],4.1,레포츠,0,127.30806493709999,37.115642962399995
경안천 습지생태공원,[],4.3,자연,0,127.30300289530001,37.45896703
국립 운악산자연휴양림,[],4.3,자연,0,127.30278785690001,37.88445091
운길산,[],4.1,자연,0,127.30237474200001,37.57107346
임실 치즈마을,[],3.9,인문,0,127.29490616049999,35.63633984
고삼호수,[],4.3,자연,0,127.28496778709999,37.08844291
너리굴 문화마을,[],4.1,역사,0,127.27886412059999,37.04064832
마노힐링캠프,[],5,레포츠,0,127.27318245059999,37.19770507
국립세종도서관,[],4.6,문화,0,127.26838555440001,36.49881045
한터 조랑말농장,[],4.1,인문,0,127.26530331200001,37.27126309
묘적사,[],4.2,역사,0,127.26132141629999,37.62344996
주금산,[],3.6,자연,0,127.24469053600001,37.78354493
어거스트캠핑장,[],4.2,레포츠,0,127.22761053379999,37.81827113
흑성산,[],4.4,자연,0,127.22745872549999,36.80148329
베어트리파크,[],4.4,자연,0,127.20920558799999,36.672064515500004
연기향토박물관,[],3.7,문화,0,127.20778835950001,36.59556494
이안숲속,[],3.3,자연,0,127.19948268370001,36.42270129
각원사,"['조용한', '도심의', '재밌는', '활기찬']",4.5,역사,42,127.19700501540001,36.834079
하남 나무고아원,[],4.8,자연,0,127.19617019610001,37.58218135
아름다운정원 화수목,[],3.9,자연,0,127.19389557870001,36.78341533
마가미술관,[],3.8,문화,0,127.19268040700001,37.33182144
글렌로스 골프클럽,[],4.4,레포츠,0,127.18575430979999,37.2945173
황송공원,[],4.8,인문,0,127.16944042120001,37.44509678
삼화관광농원,[],4.1,인문,0,127.16670707649999,35.28699662
필봉농악전수관,[],4.6,문화,0,127.15428789040001,35.53637929
전주난장,[],4.5,문화,0,127.15256960010001,35.81857777
동학혁명기념관,[],4.3,문화,0,127.15202524829999,35.81688629
고대산자연휴양림,[],4.4,자연,0,127.15066442870001,38.21131551
루이엘모자박물관,[],3.9,문화,0,127.14848107530001,35.81856104
기흥컨트리클럽,[],4.3,레포츠,0,127.14589415190001,37.191411848499996
전주동물원,"['포토존', '놀거리']",4.3,자연,41,127.14563314600001,35.85526237
국사봉전망대,[],4.4,인문,0,127.13799776120001,35.64025056
정안천생태공원,[],4.3,자연,0,127.13505327969999,36.49117564
한천농악전수회관,[],4.4,문화,0,127.12997996969999,35.059579989899994
박찬호기념관,[],4.2,문화,0,127.12672156059999,36.459062506799995
리베라컨트리클럽,[],4,레포츠,0,127.11275829700001,37.19025861
백남준아트센터,"['조용한', '예술적', '산책', '경치']",4.2,문화,36,127.11034519389999,37.269196655500004
경기도어린이박물관,"['놀거리', '포토존']",4.4,문화,31,127.10865648379999,37.2682634
경기도박물관,[],4.2,문화,14,127.10865648379999,37.2682634
발효소스토굴,[],4.1,자연,0,127.10218018350001,35.3671559
종학당,[],4.4,역사,0,127.09701763790001,36.29048407
강변스파랜드,[],3.6,인문,0,127.09161161809999,37.53482663
초록잎이펼치는세상,[],4.1,인문,0,127.09049224399999,34.70666901
아차산,"['경치', '아름다운', '포토존', '산책']",4.4,자연,24,127.09012515270001,37.55206905
유니버설아트센터,[],4.3,문화,0,127.08767265510001,37.55006923
신구대학교식물원,"['특별한', '아름다운', '신기한', '재밌는']",4,자연,11,127.08099043540001,37.43418812
서울상상나라,[],4.6,문화,0,127.08090660879999,37.54989136
서울어린이대공원,"['도심의', '산책', '경치', '놀거리']",4.5,인문,100,127.08072886069999,37.54942196
비비정예술열차,[],4.4,인문,0,127.06777782479999,35.898992148299996
광교호수공원,"['산책', '힐링', '경치', '도심의']",4.6,인문,24,127.06527967299999,37.275045171799995
전곡선사박물관,[],4.4,문화,0,127.06372824559999,38.01157061
세계골프역사박물관,[],4,문화,0,127.06198729450001,37.50811253
물향기수목원,"['예술적', '경치']",4.3,자연,30,127.05984153879999,37.16624933
별마당도서관,[],4.6,문화,60,127.05913189450001,37.51180927
아모레 성수,[],4.6,인문,0,127.05906985870001,37.54460269
서울새활용플라자,[],4.2,인문,0,127.05781957299999,37.55867603
익산 왕궁리 오층석탑,[],4.5,역사,0,127.05459927700001,35.97319735
창동문화체육센터,[],4.2,레포츠,0,127.05075071659999,37.65823377
씽크씽크미술관,[],4.3,문화,0,127.05071046569999,37.5108509
유엔군 초전기념비,[],4.3,역사,0,127.04984473360001,37.18378601
의정부 제일시장,"['경치', '웅장한', '아름다운', '산책']",4.3,쇼핑,13,127.04958458790001,37.740301979899996
의정부 제일시장,[],4.3,쇼핑,0,127.04958458790001,37.740301979899996
대나무골 테마공원,[],3.6,인문,0,127.04857735879999,35.337177814099995
꿈의숲 아트센터,[],4.2,문화,0,127.04081934790001,37.62106014
오미요리연구소,"['아름다운', '조용한', '특별한', '웅장한']",5,인문,100,127.03999827129999,37.58342006
효원공원,[],4.5,인문,0,127.03778527979999,37.263087731700004
코리아나 화장박물관,[],4.3,문화,0,127.03278950079999,37.52406016
삼성 딜라이트,"['아름다운', '특별한', '산책', '예술적']",4.3,인문,62,127.02655474049999,37.49637993
의정부실내빙상장,[],4.2,레포츠,0,127.02382807219999,37.758946565900004
원당샘공원,[],4.2,인문,0,127.02229769610001,37.660346903699995
방화수류정(동북각루),[],4.7,역사,0,127.01803638610001,37.28761787
행궁동 벽화마을,"['활기찬', '아름다운', '재밌는', '특별한']",4.5,인문,26,127.01653380180001,37.28557919
서울대공원산림욕장,[],4.4,자연,0,127.01598827030001,37.42504913
수원시립아이파크미술관,"['힐링', '포토존', '재밌는']",4.4,문화,14,127.01570895879999,37.28263785
충무아트센터,['포토존'],4.3,문화,13,127.01480107409999,37.56556612
디뮤지엄,"['힐링', '조용한', '포토존', '놀거리']",4.2,문화,23,127.01158827549999,37.53740267
국립국악원,"['전통적', '포토존', '예술적', '놀거리']",4.5,문화,72,127.00885965280001,37.47783732
국립국악박물관,[],4.5,문화,0,127.00885965280001,37.47783732
박을복자수박물관,[],3.8,문화,0,127.00848803129999,37.65380575
웃다리문화촌,[],4,인문,0,127.00835723879999,37.06879301
담양 메타세쿼이아길,"['산책', '힐링', '경치', '아름다운']",4.1,자연,69,127.00415107479999,35.32385356
아르코예술극장,[],4.5,문화,0,127.00303503469999,37.58124464
블루스퀘어,"['전통적', '재밌는', '웅장한', '활기찬']",4.4,문화,39,127.00245845399999,37.54085488
광주호 호수생태원,"['힐링', '아름다운']",4.5,자연,11,127.00108821209999,35.18408042
담양 식영정,[],4.3,역사,0,127.00067975489999,35.19043803
방산 종합시장,"['놀거리', '특별한']",4,쇼핑,18,126.99971906110001,37.56746563
인현시장,[],4.1,쇼핑,0,126.99534177940001,37.56404095
담빛예술창고,[],4.2,문화,0,126.99318261319999,35.323370098000005
대각사,[],4.1,역사,0,126.99204736280001,37.57364811
전태일기념관,[],4.6,문화,0,126.98933108870001,37.56852365
인사동,"['전통적', '재밌는', '아름다운']",4.3,인문,100,126.98720340959999,37.57188434
아름다운 차박물관,[],4.4,문화,0,126.98585907399999,37.57236481
경인미술관,[],4.4,문화,0,126.98571458030001,37.574584
뮤지엄 김치간,"['아름다운', '조용한', '특별한', '웅장한']",4.2,인문,41,126.98485913209998,37.57353688
남산 케이블카,"['경치', '전통적', '도심의', '활기찬']",4.2,인문,100,126.98410411370001,37.55699712
서울특별시교육청 정독도서관,[],4.7,문화,0,126.98323688149999,37.579761127800005
불교중앙박물관,[],4.3,문화,0,126.98275097850001,37.57397846
농업박물관,[],4.3,문화,0,126.98268715639999,37.27547976
세계장신구박물관,[],4,문화,0,126.98177031620001,37.580897080599996
라플란드,[],4.9,레포츠,0,126.98172859569999,37.58293295
국립중앙박물관,"['포토존', '예술적']",4.7,문화,100,126.98033317049999,37.52392312
안중근의사기념관,[],4.6,문화,0,126.98028233950001,37.55346969
금호미술관,[],4.2,문화,0,126.97989280739999,37.57746133
공근혜갤러리,[],4.1,문화,0,126.97968985959999,37.58408278
아산그린타워,[],4.2,인문,0,126.97930894299999,36.79887919
KT스퀘어,[],4.1,인문,0,126.97780703469999,37.572203575100005
청계천,"['경치', '산책', '힐링', '활기찬']",4.5,인문,100,126.97761547290001,37.56913171
그라운드시소 서촌,[],4.5,문화,0,126.97292120770001,37.57789727
청와대사랑채,"['포토존', '산책', '경치', '힐링']",4.2,문화,29,126.97258222079999,37.58245229
문화역 서울 284,"['놀거리', '경치', '도심의']",4.4,인문,94,126.97160250290001,37.55601368
서울역사박물관,['포토존'],4.4,문화,100,126.97077718530001,37.56989816
서울로 7017,"['도심의', '경치', '활기찬', '산책']",4.1,인문,53,126.97066096450001,37.554519391199996
통인시장,"['특별한', '놀거리', '경치', '신기한']",3.8,쇼핑,63,126.96992695530001,37.58076355
성곡미술관,[],4.3,문화,0,126.96966051790001,37.57351439
돈의문박물관마을,[],4.4,문화,0,126.96855519430001,37.56888435
윤동주문학관,[],4.3,문화,0,126.96716577229999,37.59218162
봉곡사,[],4.2,역사,0,126.96659058610001,36.6988627
창의문(자하문),[],4.4,역사,0,126.96650470680001,37.592698212399995
청운공원,[],4.8,인문,0,126.96642975209998,37.59134004
백사실계곡,[],4.4,자연,0,126.96634894479999,37.60048342
서해금빛열차,[],4,인문,0,126.96475664489999,37.52982493
인왕산,"['아름다운', '도심의', '산책', '전통적']",4.6,자연,43,126.96408324709999,37.57356706
자유공원,"['도심의', '놀거리', '아름다운']",4.3,인문,100,126.96398315309999,37.380014529899995
딜쿠샤,[],4.5,문화,0,126.96349998059999,37.57309766
장흥 참숯가마,[],3.7,인문,0,126.95976765969999,37.74489149
서울특별시교육청 과학전시관,[],4.1,문화,0,126.95936441190001,37.46881525
산머루농원,[],4.2,인문,0,126.95793664600001,37.960299673499996
서대문독립공원,[],4.5,인문,0,126.95564504020001,37.57665544
독립문,"['예술적', '경치', '전통적']",4.5,역사,18,126.95564231899999,37.574664
서대문형무소역사관,[],4.6,문화,100,126.95555066930001,37.57435848
운계폭포,[],4.4,자연,0,126.95206357149999,37.91214408
장흥자생수목원,[],3.5,자연,0,126.95065739190001,37.74451637
마포아트센터,[],4.2,문화,0,126.94549672219999,37.54989448
국립아세안자연휴양림,[],4.1,자연,0,126.94219343799999,37.77387669
은평한옥마을,[],4.1,역사,0,126.93920303590001,37.64148649
서대문자연사박물관,['놀거리'],4.3,문화,27,126.93785221479999,37.57674955
여의도샛강생태공원,[],4.4,자연,0,126.92184420049999,37.518739341199996
성당포구마을,[],4.1,인문,0,126.92115155209999,36.12896059
국립부여박물관,"['예술적', '산책', '아름다운', '경치']",4.5,문화,37,126.91896452270001,36.27638258
비학농원캠핑장,[],4.2,레포츠,0,126.91451205620001,37.89122362
사직공원전망타워,"['산책', '도심의', '경치', '재밌는']",4.3,인문,10,126.91155274649999,35.1416698
영등포근린공원,[],4.3,인문,0,126.91084252190001,37.51531732
백제문화단지,"['산책', '경치', '힐링']",4.4,인문,30,126.90677592649999,36.306581689299996
아산글램핑캠핑장,[],2.8,레포츠,0,126.90570771729999,36.78171321
망원시장,"['놀거리', '경치', '포토존', '산책']",4.2,쇼핑,23,126.90561128959999,37.55622636
빛의 벙커,"['예술적', '아름다운']",4.4,문화,26,126.89911413370001,33.44012908
내장산국립공원,"['경치', '아름다운', '산책', '예술적']",4.3,자연,50,126.89857018100001,35.48686941
두루뫼박물관,[],3.5,문화,0,126.89600362690001,37.85678564
범바위,[],4.8,자연,0,126.89051472979999,34.15837701
남구로시장,[],4,쇼핑,0,126.88645935219999,37.4897143
칠갑산도립공원,[],4.4,자연,0,126.88411437159999,36.39983172
호반아트리움,[],4.4,문화,0,126.88045916719999,37.416731
안터생태공원,[],4.2,자연,0,126.86983671770001,37.45937586
화림선원,[],3.9,역사,0,126.86663817959999,37.31801721
한양컨트리클럽,[],4.2,레포츠,0,126.86349004969999,37.657480497600005
연천 호로고루,[],4.3,역사,0,126.85976992319999,37.98538942
세계꽃식물원,[],3.9,자연,18,126.85891556899999,36.75028267
가학동지석묘,[],3.8,역사,0,126.85683654649999,37.408542644499995
전설의 쌍화차 거리,[],4.2,인문,0,126.85674684610001,35.56732346
노적봉공원,[],4.4,인문,0,126.85507538379998,37.31651162
장성호관광지,[],4.2,인문,0,126.85106791209999,35.41405741
국립광주과학관,[],4.4,문화,0,126.84987821360001,35.22989768
정읍 연지시장,[],3.9,쇼핑,0,126.84601431440001,35.57330871
표선 해비치 해변,[],4.1,자연,0,126.84242444290001,33.32566303
천왕근린공원,[],4.4,인문,0,126.84180823690001,37.47646782
겸재정선미술관,[],4.2,문화,0,126.83847251600001,37.57228163
국립여성사전시관,[],4,문화,0,126.83401557629999,37.63580194
서울식물원,"['아름다운', '도심의', '놀거리', '조용한']",4.3,자연,20,126.83285636129999,37.57229819
용눈이오름,"['경치', '웅장한', '조용한', '산책']",4.6,자연,20,126.83205562709999,33.45880649
남부수자원생태공원,[],4.4,인문,0,126.82740694280001,37.47032106
마량항,[],4.2,레포츠,0,126.81863905700001,34.44898224
고강선사유적공원,[],4.1,역사,0,126.81845346360001,37.52446739
세계술박물관,[],4,문화,0,126.81763149790001,33.3540345
부천식물원,[],4.1,자연,0,126.81656529809999,37.504811304099995
화랑유원지,"['산책', '조용한', '아름다운', '놀거리']",4.3,인문,15,126.81391219780001,37.32595702
메이즈랜드,[],4.2,인문,56,126.80069099290002,33.4887499
성읍민속마을,[],3.8,역사,100,126.80039062809999,33.38453919
1913송정역시장,"['놀거리', '활기찬']",3.9,쇼핑,48,126.79173294450001,35.135340721700004
성읍랜드,[],4,인문,0,126.78713312299999,33.39857353
문산자유시장,[],3.8,쇼핑,0,126.78395555459998,37.85678363
부천자유시장,[],4.1,쇼핑,0,126.77997476590001,37.48421027
예산 임존성,[],4.1,역사,0,126.77477184440001,36.59252714
신리성지,[],4.6,역사,0,126.77112038290001,36.762660267600005
부천아트벙커B39,[],4.1,문화,0,126.76767483190001,37.52195289
운정호수공원,"['산책', '힐링', '경치', '놀거리']",4.4,인문,13,126.76013661190001,37.720163018600005
작은쉼터캠핑장,[],4.2,레포츠,0,126.75889157270001,37.34868119
원마운트 워터파크,['힐링'],3.8,인문,66,126.75454146860001,37.66460828
상동호수공원,"['산책', '아름다운', '도심의', '힐링']",4.4,인문,54,126.74519404360001,37.5042851
웅진플레이도시,['힐링'],4,인문,25,126.74424980399999,37.50002169
고양생태공원,[],4.3,자연,0,126.74414187309999,37.68400028
석정온천휴스파,[],4.2,인문,0,126.74102444719999,35.43208129
부평역사박물관,[],4.3,문화,0,126.73786115979999,37.51212017
조랑말체험공원,['아름다운'],4.3,인문,24,126.73583513879998,33.38333551
금곡영화마을,[],3.2,인문,0,126.73417598440001,35.39521035
부안문화원,[],4.2,문화,0,126.72872103959999,35.718823507399996
부평시장,[],4.1,쇼핑,0,126.72665150559999,37.49656067
부안예술회관,[],4.4,문화,0,126.72539897200001,35.72437004
한화기념관,[],4.3,문화,0,126.71803287680001,37.39569168
진포해양테마공원,"['놀거리', '특별한', '포토존']",4,인문,24,126.71746508540001,35.98934526
나주 금성관,[],4.2,역사,0,126.71656711969999,35.033395414699996
제주 세계자연유산센터,[],4.3,문화,0,126.71473251260001,33.456915924899995
군산근대역사박물관,[],4.1,문화,21,126.71196553770001,35.990864435700004
영산포역사갤러리,[],5,문화,0,126.71151559360001,35.00076012
초원사진관,['아름다운'],3.9,인문,14,126.70844093209999,35.98782306
메이더카라반,[],3.9,레포츠,0,126.70667548040001,33.55198306
걸포중앙공원,"['경치', '산책', '힐링', '포토존']",4.4,인문,10,126.70641326350001,37.63867155
도라전망대,"['아름다운', '웅장한', '활기찬', '재밌는']",4.4,인문,97,126.70478632860001,37.90888724
금성산생태숲,[],4.8,자연,0,126.69543769370001,35.063286132399995
파주 나비나라박물관,[],4.1,문화,0,126.68689346229999,37.71484289
지혜의 숲,[],4.4,문화,0,126.68674087040002,37.70872693
무위사,[],4.4,역사,0,126.68476595780001,34.74189438
사려니숲길,"['산책', '아름다운', '조용한', '힐링']",4.1,레포츠,19,126.67572604969999,33.40141588
국립해양생물자원관,[],4.5,문화,0,126.66982973729999,36.01722737
백호문학관,[],4.3,문화,0,126.66685296850001,34.99692648
완도수목원,[],4.4,자연,0,126.66354922219999,34.360653462100004
청풍명월,[],3.7,레포츠,0,126.65455682870001,34.76987685
인천상륙작전기념관,[],4.2,문화,58,126.65350476309999,37.41952666
김택화 미술관,[],4.3,문화,0,126.65319142540001,33.54378866
인천광역시립박물관,[],4.3,문화,0,126.65313809620001,37.42072373
송도컨벤시아,['포토존'],4.1,문화,38,126.64661731860001,37.390024406900004
오서산,[],4.7,자연,0,126.64131178950001,36.4826569
제주항일기념관,[],4.2,문화,0,126.64077034569999,33.54101099
수도국산달동네박물관,['산책'],4.4,문화,37,126.63914890870001,37.47748078
보령 무궁화수목원,[],4.1,자연,0,126.63885758379999,36.33436832
휴애리자연생활공원,"['놀거리', '경치', '신기한', '포토존']",3.9,인문,35,126.63443173629999,33.308517145399996
화도진공원,"['경치', '재밌는']",4,인문,19,126.62888859469999,37.48248557
신포국제시장,"['산책', '힐링', '놀거리', '아름다운']",4.1,쇼핑,88,126.62778344629999,37.47145628
재미난 박물관,[],3,문화,0,126.62350611709999,37.46934256
제물포구락부,[],4.5,역사,0,126.62251439469999,37.47461415
수덕사,"['아름다운', '조용한', '신기한']",4.4,역사,28,126.62081733069999,36.65743366
한라산 성판악,[],4,자연,71,126.62039511350001,33.3848946
짜장면박물관,"['산책', '도심의']",3.8,문화,36,126.61818145049999,37.47484461
한국고건축박물관,[],3.7,문화,0,126.61160769680001,36.63318074
감귤박물관,"['경치', '힐링']",4,문화,16,126.60809041729999,33.271181957399996
월미공원,"['활기찬', '조용한']",4.4,인문,42,126.60386326620001,37.47651916
동주염전,[],3.9,자연,0,126.60332830600001,37.23503052
나주 영상테마파크,[],4,인문,0,126.60046203959999,34.97964399
서귀다원,[],4.5,인문,0,126.59668213270001,33.31282996
아침미소목장,[],4.4,인문,0,126.58624093590001,33.454827988299996
미황사,"['힐링', '예술적']",4.5,역사,16,126.57797010649999,34.38226631
정방폭포,"['특별한', '산책', '경치', '재밌는']",4.5,자연,100,126.57696592020001,33.24520655
소정방폭포,[],4.3,자연,0,126.57696592020001,33.24520655
땅끝해양자연사박물관,[],4,문화,0,126.56736962299999,34.32480312
도솔암,[],4.7,역사,0,126.56508859540001,34.35315269
보길도 윤선도 원림,[],4.4,역사,0,126.55598556139999,34.1624683
선임교,[],4.7,인문,0,126.55474835940001,33.247056
제주별빛누리공원,['포토존'],4.1,인문,12,126.54924715899999,33.44457575
국립제주박물관,"['아름다운', '활기찬', '재밌는', '포토존']",4.3,문화,29,126.54891229209998,33.5134098
국립제주박물관,"['아름다운', '예술적', '산책', '경치']",4.3,문화,36,126.54891229209998,33.5134098
인천대교,['신기한'],4.5,인문,100,126.54764480370001,37.425665748600004
사라봉공원,[],4.5,인문,25,126.54604854610001,33.51806202
해창 주조장,[],4.5,인문,0,126.53788151559999,34.51760049
무창포해수욕장,[],4.4,자연,0,126.53654690389999,36.244535199299996
한라산 백록담,[],5,자연,0,126.53643942229999,33.3444755
석부작박물관,[],3.9,자연,0,126.53601935360001,33.25031923
무안회산백련지,[],4.5,자연,0,126.52991007930001,34.86012574
서귀포 치유의 숲,[],4.6,인문,0,126.52791356600001,33.291967279699996
제주목관아,['산책'],4.2,역사,18,126.52206461950001,33.51370378
물무산 행복숲,[],4.7,자연,0,126.51677062430001,35.27037363
강화전쟁박물관,[],3.9,문화,0,126.51606135549999,37.73363212
용연구름다리,[],4.2,인문,0,126.51379031120001,33.51490907
세리월드,['힐링'],3.8,레포츠,14,126.51202706229999,33.24704421
모항해수욕장,[],4.3,자연,0,126.50774418360001,35.58286024
함평 자연생태공원,[],4.2,자연,0,126.50571383399999,35.13504153
마량포구,[],3.5,자연,0,126.50363339879999,36.12943115
서천 마량리 동백나무 숲,[],3.9,자연,0,126.49352019870001,36.13790501
넥슨컴퓨터박물관,[],4.2,인문,38,126.48577149370001,33.47216336
BMW 드라이빙센터,[],4.6,인문,0,126.48541891069999,37.46253537
강화산성,[],4.4,역사,0,126.48389701010001,37.75604005
서귀포자연휴양림,[],4.5,자연,0,126.46308265430001,33.31081973
홍성조류탐사과학관,[],3.9,문화,0,126.45881142969999,36.59357711
전라남도 농업박물관,[],4.3,문화,0,126.45780181209999,34.77612012
포레스트 카라반 파크,[],4.3,레포츠,0,126.45517702120002,37.26734085
이호테우해변,"['아름다운', '조용한', '경치', '특별한']",4,자연,58,126.45315709129999,33.49741838
삼길포항,[],3.8,자연,0,126.45098466489999,36.99921628
서산시문화회관,[],4.1,문화,0,126.44808507549999,36.78609641
조안베어뮤지엄,[],4.1,문화,0,126.43409508129999,33.240268725300005
아프리카 박물관,['경치'],3.8,문화,14,126.42909552290001,33.23989924
무의도,"['경치', '놀거리', '아름다운', '산책']",4.1,자연,37,126.42491533479999,37.38934004
제주국제평화센터,[],4,문화,0,126.42206269969999,33.24437086
이월드,"['놀거리', '특별한', '조용한', '신기한']",4,인문,79,126.41100561030001,37.3850903
하나개 팜,[],4.1,인문,0,126.41096397620001,37.38402375
궷물오름,[],4.2,자연,0,126.40751054270001,33.39710653
조개부리마을,[],4.3,인문,0,126.40167684309999,36.41423565
방주교회,"['아름다운', '산책', '예술적', '전통적']",4.6,역사,65,126.38779209329999,33.30518861
이훈동 정원,[],4,역사,0,126.37995285790001,34.787495345399996
노적봉,[],4.2,역사,0,126.37958612530001,34.79158932
선녀바위,[],4,자연,0,126.37896815239999,37.43965284
장화리일몰조망지,[],4.4,자연,0,126.37838829430001,37.61803762
유달산,"['산책', '경치', '아름다운', '놀거리']",4.6,자연,58,126.37135900959998,34.79427222
서해캠핑장,[],3.8,레포츠,0,126.36795199870001,37.457650553899995
9.81 파크,[],4.4,레포츠,0,126.36651981879999,33.390065
파더스가든,[],4.1,자연,0,126.36473909790001,33.280141008499996
안면도자연휴양림,"['힐링', '놀거리', '산책', '포토존']",4.4,자연,21,126.35883966360001,36.49674766
삽시도,[],3.5,자연,0,126.35643007110001,36.34007395
코리아플라워파크,[],3.8,자연,0,126.33680264799999,36.50118011
꽃지해수욕장,"['힐링', '경치']",4.2,자연,29,126.33466394770001,36.50136616
밧개해수욕장,[],4.3,자연,0,126.33076908299999,36.53092102
정물오름,[],4.5,자연,0,126.33021580469999,33.33802574
바이나흐튼 크리스마스박물관,[],3.8,문화,0,126.32781983129999,33.29134197
루나폴,[],4.6,인문,0,126.32199622510001,33.251407399899996
해상인도교 (대하랑꽃게랑),[],4.1,인문,0,126.31578011100001,36.585814449699996
석모도 자연휴양림,[],4,자연,0,126.31536126120001,37.69948813
용머리해안,"['아름다운', '경치', '포토존', '놀거리']",4.4,자연,90,126.31452229899999,33.2322594
하멜상선전시관,[],3.6,문화,0,126.31375011860001,33.23341204
한담해안산책로,"['경치', '힐링', '산책']",4.5,자연,12,126.31060924020001,33.45922868
신화테마파크,[],3.9,인문,45,126.30760458270001,33.30651775
선운정사,[],3.8,역사,0,126.30715743180001,33.42938749
진도타워,[],4.3,인문,0,126.30250942290002,34.56600789
네이처월드,[],3.7,인문,0,126.30095842530001,36.61647178
외달도 해수욕장,[],5,자연,0,126.29418282350001,34.78064194
오설록 티뮤지엄,['아름다운'],4.1,문화,100,126.28940339479999,33.306111956100004
블루오션리조트,[],3.3,레포츠,0,126.28813591709999,36.671554099699996
교동제비집,[],3.8,인문,0,126.27928730120001,37.78139183
제주현대미술관,"['조용한', '활기찬', '포토존', '도심의']",4.3,문화,29,126.26567137190001,33.33987452
환상숲곶자왈공원,"['힐링', '산책', '경치']",4.4,자연,11,126.26293033200001,33.32243196
돌거북이수석박물관,[],3.2,문화,0,126.26229719790001,33.315916
풀등모래섬,"['조용한', '아름다운', '웅장한', '활기찬']",4.8,자연,14,126.25878638030001,37.17219848
한림공원,"['아름다운', '조용한', '경치', '힐링']",4.3,인문,100,126.24183626290001,33.387902164699995
금능해수욕장,"['아름다운', '경치']",4.6,자연,59,126.23533956280001,33.38983796
국립남도국악원,[],4.6,문화,0,126.22558713309999,34.38477976
학암포해수욕장,[],4.2,자연,0,126.20724838870001,36.897976577399994
태평염생식물원,[],4.2,자연,0,126.17244949379999,34.99804876
진도 남도진성,[],3.5,역사,0,126.16584287200001,34.36420055
수월봉,[],4.5,자연,0,126.16342014969999,33.29478901
행남 해안산책로,"['산책', '아름다운', '힐링', '재밌는']",4.5,자연,10,130.9136479,37.49154769
독도박물관,"['재밌는', '신기한', '특별한', '아름다운']",4.2,문화,13,130.9009104,37.483415016500004
독도전망대 케이블카,[],4.4,인문,0,130.8983938,37.48849494
천부해중전망대,[],4,인문,0,130.8744025,37.54200498
울릉도,"['경치', '산책', '아름다운']",4.2,자연,30,130.8583677,37.46046953
울릉도 등대(태하등대),[],4.5,자연,0,130.7945825,37.520453
삼정해수욕장,[],4.6,자연,0,129.5692289,36.00301772
구룡포해수욕장,[],4.2,자연,0,129.5662849,35.99683225
구룡포항,[],4.3,자연,0,129.5556416,35.98930512
연동어촌체험마을,[],3.9,인문,0,129.5194325,35.8380215
흥환간이해수욕장,[],4,자연,0,129.5011454,36.023780735500004
호미반도 해안둘레길,[],4.4,레포츠,0,129.4819862,36.01561185
주전어촌체험마을,[],4.2,인문,0,129.4561043,35.559260006100004
주전몽돌해변,[],4.6,자연,0,129.4552487,35.565609275999996
포항동해승마장,[],4.7,레포츠,0,129.4483957,35.979920792899996
도구해수욕장,[],4,자연,0,129.4444096,35.991819372399995
대왕암공원,"['산책', '포토존', '놀거리', '힐링']",4.6,인문,100,129.4352775,35.49040346
쇠평어린이공원,[],4.5,인문,0,129.4344036,35.55219372
영덕해맞이공원,"['경치', '웅장한', '조용한', '산책']",4.2,인문,13,129.4330814,36.42214818
울산 소리체험관,[],3.9,인문,0,129.4328447,35.48091837
슬도등대,"['아름다운', '경치', '산책', '특별한']",4.4,자연,15,129.4294006,35.47817139
울산테마식물수목원,[],3.7,자연,0,129.4271792,35.55355177
죽변항,[],3.9,자연,0,129.422977,37.05811989
괴시리 전통마을,[],4.2,역사,0,129.4165709,36.54317299
망양정,"['아름다운', '특별한', '경치', '산책']",4.3,역사,15,129.4129252,36.96548585
울산대교 전망대,"['도심의', '산책', '활기찬', '경치']",4.3,인문,10,129.4062492,35.501784966399995
기림사,"['아름다운', '웅장한', '조용한', '힐링']",4.5,역사,12,129.4031454,35.83771654
포항시립미술관,[],4.4,문화,0,129.3908649,36.06614328
장생포 고래문화마을,[],4.3,인문,15,129.383165,35.50598406
민물고기생태체험관,[],4.4,문화,0,129.3813946,36.9669073
영일대해수욕장,"['활기찬', '산책', '경치', '도심의']",4.4,자연,13,129.3778441,36.05726348
포항운하,[],4.2,자연,0,129.3774007,36.02388669
송도솔밭도시숲,[],4.4,자연,0,129.3741449,36.04171794
화진해수욕장,[],4.1,자연,0,129.3738916,36.25181359
인량리 전통테마마을,[],4.2,역사,0,129.3712746,36.55222941
토함산자연휴양림,[],4,자연,0,129.3655037,35.7619577
울산종합운동장,[],4.2,레포츠,0,129.3479914,35.56266036
영일민속박물관,[],4.3,문화,0,129.3472452,36.11084572
진하해수욕장,['경치'],4.3,자연,12,129.3451995,35.38272774
서생포왜성,[],4.2,역사,13,129.3343449,35.38328025
불국사,['웅장한'],3.8,역사,100,129.3318475,35.78927343
로보라이프 뮤지엄,[],4.2,인문,0,129.3267611,36.01058445
연산온천파크,[],4.1,인문,0,129.3197936,36.250323834899994
경주 원성왕릉,[],4.4,역사,0,129.3196078,35.75935157
보경사,"['산책', '아름다운', '힐링', '경치']",5,역사,33,129.3192297,36.253012408000004
장호어촌체험마을,[],4.4,인문,0,129.3182738,37.28609726
장호항,"['산책', '재밌는', '힐링', '경치']",4.2,자연,44,129.3176127,37.28784149
울산향교,[],3.6,역사,0,129.315861,35.56062109
추억의 달동네,[],4,문화,0,129.3122877,35.80366588
신라역사과학관,[],3.9,문화,0,129.3112238,35.807109913699996
초곡 용굴촛대바위길,[],4.4,레포츠,0,129.2949085,37.31054677
문암해변,[],4.5,자연,0,129.2883702,37.30900515
덕구온천스파월드,"['힐링', '경치', '산책']",4.5,인문,16,129.2842332,37.07905923
왕피천계곡,[],4.4,자연,0,129.2829161,36.913269846999995
보문호,"['경치', '힐링', '아름다운', '활기찬']",4.4,자연,100,129.2766813,35.844327282600005
울산과학관,[],4.3,문화,0,129.2685712,35.540089180900004
삼척 해양레일바이크,"['경치', '아름다운', '산책', '힐링']",4.2,레포츠,38,129.266394,37.32369747
경주 버드파크,['경치'],4.3,인문,13,129.2627491,35.84981251
임랑해수욕장,[],4.2,자연,0,129.2620864,35.31601422
경주 동궁원,[],4.2,인문,0,129.2604464,35.85279269
울산 문수축구경기장,[],4.4,레포츠,0,129.259561,35.53528677
경상북도수목원,[],4.7,자연,0,129.257125,36.2197511
경주 서출지,[],4.3,자연,0,129.2420218,35.79646536
분황사,"['조용한', '아름다운', '활기찬']",4.2,역사,36,129.2336991,35.84081298
경주 남산,[],4.7,자연,0,129.2305315,35.783988773800004
월정교,[],4.6,역사,31,129.2173508,35.82913621
경주 교촌마을,"['전통적', '놀거리']",4.1,역사,73,129.2147233,35.82967499
경주읍성,[],4.2,역사,0,129.2139062,35.8473202
롯데월드 어드벤처 부산,[],4,인문,0,129.2129995,35.19606841
국립부산과학관,[],4.5,문화,0,129.212716,35.20461467
경주 나정,[],3.6,역사,0,129.2126239,35.815987604200004
금강송 에코리움,[],4.5,자연,0,129.2115734,36.974705878099996
금관총,"['산책', '재밌는', '힐링', '경치']",4.4,역사,18,129.2098206,35.84114027
청사포 다릿돌전망대,"['포토존', '힐링', '경치']",4.3,인문,12,129.1954075,35.1633523
청사포,"['힐링', '도심의', '경치', '산책']",4.4,자연,14,129.192219,35.16044424
해운대 블루라인파크,[],4.4,인문,0,129.191394,35.1612608
서악서원,[],4.2,역사,0,129.1886256,35.82771916
정관박물관,[],4.4,문화,0,129.1849372,35.32694489
해운대 달맞이길,"['산책', '아름다운', '경치', '포토존']",4.5,자연,100,129.1825699,35.157719361999995
좌동재래시장,[],4.1,쇼핑,0,129.1744979,35.17310916
아홉산숲,[],4,자연,0,129.1715589,35.287140769299995
울산암각화박물관,[],4.4,문화,0,129.1703973,35.60822134
울산대곡박물관,[],4.3,문화,0,129.1691416,35.61914786
부산엑스더스카이,[],4.4,인문,0,129.1680433,35.16138257
삼척문화예술회관,[],4.3,문화,0,129.1602444,37.43815445
이사부사자공원,[],4.2,인문,0,129.1595766,37.47560846
누리마루 APEC하우스,"['산책', '포토존', '힐링', '경치']",4.3,문화,73,129.1513116,35.15239438
주왕산국립공원,"['경치', '아름다운', '산책', '재밌는']",4.6,자연,27,129.1420356,36.3939208
부산시립미술관,"['조용한', '아름다운', '활기찬', '예술적']",4.4,문화,59,129.1370458,35.16669807
민락수변공원,"['산책', '놀거리', '경치', '포토존']",4.2,인문,48,129.1331271,35.15463824
부산 치유의 숲,[],3.8,인문,0,129.1298103,35.26900869
군립 청송야송미술관,[],4.4,문화,0,129.1191983,36.50587151
광안리해수욕장,"['아름다운', '산책', '경치', '포토존']",4.6,자연,100,129.1184922,35.15379084
회동수원지 둘레길,[],4.4,레포츠,0,129.1166488,35.22525502
F1963,[],4.4,인문,0,129.1155141,35.17678543
묵호항,"['신기한', '재밌는', '경치', '특별한']",4,자연,37,129.1125091,37.55038781
중앙해수랜드,[],3.9,인문,0,129.1106576,35.12562718
법기수원지,"['힐링', '경치', '산책', '포토존']",4.3,자연,11,129.1062407,35.34839657
복순도가,['경치'],4.4,인문,31,129.0969766,35.585822488000005
부산박물관,"['도심의', '활기찬', '힐링', '포토존']",4.3,문화,71,129.0947839,35.12955422
부산문화회관,[],4.4,문화,0,129.0937451,35.128507099000004
영도 등대,[],4.4,자연,0,129.0923639,35.05239337
국립일제강제동원역사관,[],4.5,문화,0,129.0918731,35.1243242
도리마을은행나무숲,[],4.6,자연,0,129.0908288,35.91854317
동래문화회관,[],4.2,문화,0,129.0905625,35.212119898400005
자수정 동굴나라,[],3.9,자연,0,129.0904173,35.542682776199996
청송민속박물관,[],3.8,문화,0,129.0837381,36.38968406
황령산,"['경치', '웅장한', '조용한', '예술적']",4.7,자연,25,129.0827286,35.15793416
허심청,[],4.3,인문,35,129.0826824,35.22113541
통도환타지아,[],4,인문,10,129.0823886,35.49853482
동삼동패총전시관,[],4,문화,0,129.0796423,35.071216026900004
망상오토캠핑리조트,[],4.4,레포츠,0,129.0784856,37.60047581
부산해양자연사박물관,[],4.4,문화,0,129.0759941,35.221968524699996
우암동 도시 숲,[],4.4,자연,0,129.0726358,35.12749293
용주사,[],4.6,역사,14,129.0699084,35.42483176
범어사 성보박물관,[],4.8,문화,0,129.0681153,35.283975315700005
영도해녀문화전시관,[],4.1,문화,0,129.0660714,35.06704124
전포카페거리,[],4.2,인문,0,129.0629164,35.15640063
조방해수탕,[],4,인문,0,129.0625724,35.14185225
청학 수변공원,[],4.4,인문,0,129.0611626,35.09772939
서면먹자골목,['놀거리'],4.1,인문,45,129.0584613,35.15587283
분천 산타마을,[],4.1,인문,0,129.0584438,36.93256885
영도 조내기 고구마 역사기념관,[],4.1,문화,0,129.0583549,35.08533072
금정산성 막걸리,[],4.4,인문,0,129.0564228,35.25042331
국립부산국악원,[],4.5,문화,0,129.0542529,35.17144045
양산시립박물관,[],4.4,문화,0,129.0490482,35.35843883
간월재,"['경치', '산책', '아름다운']",4.6,자연,17,129.0453821,35.54824242
정동심곡바다부채길,"['놀거리', '산책', '포토존', '아름다운']",4.3,레포츠,18,129.0439806,37.68202683
삼광사,"['힐링', '산책', '전통적', '웅장한']",4.5,역사,38,129.0434426,35.17593142
화명수목원,[],4.4,자연,0,129.0426767,35.25105354
객주문학관,[],4.1,문화,0,129.0398048,36.52346244
하이원추추파크,[],4.2,레포츠,0,129.0385964,37.18400353
모래시계공원,"['포토존', '경치', '놀거리', '아름다운']",4,인문,25,129.0375505,37.687167781999996
정동진시간박물관,"['포토존', '도심의']",4.5,문화,12,129.0375033,37.68712612
철암탄광역사촌,[],4.1,문화,0,129.0371319,37.11426151
영도대교,[],4.4,인문,48,129.0367343,35.09407101
초량 이바구길,"['재밌는', '신기한', '특별한']",4.2,인문,26,129.0362643,35.11657126
덕항산,[],3.7,자연,0,129.0360818,37.30392304
40계단 문화관광테마거리,"['조용한', '아름다운', '활기찬']",3.8,인문,37,129.0354119,35.10406987
유치환 우체통 전망대,[],4.1,인문,0,129.033831,35.12211227
용두산공원,"['산책', '포토존', '경치', '도심의']",4.3,자연,100,129.0326928,35.10048411
부산타워,"['조용한', '아름다운', '포토존', '활기찬']",4.2,인문,70,129.03264,35.10127013
광복로문화패션거리,"['전통적', '놀거리', '포토존', '웅장한']",4.2,인문,97,129.0312902,35.09910368
부산근대역사관,"['포토존', '놀거리']",4.2,문화,33,129.0312012,35.10268384
BIFF 광장,[],4.1,인문,100,129.0292126,35.098850894899996
국제시장,"['조용한', '놀거리']",4,쇼핑,100,129.0285793,35.10164224
365세이프타운,[],4.5,인문,0,129.0267222,37.09937135
양산타워,"['경치', '도심의', '아름다운', '힐링']",4.2,인문,19,129.0241624,35.32622809
닥밭골 벽화마을,[],3.9,인문,0,129.0235905,35.11432684
국립 신불산폭포자연휴양림,"['포토존', '아름다운', '경치', '힐링']",4.4,자연,14,129.0232319,35.52599451
도계서원,[],3.7,역사,0,129.0226468,35.88888135
파래소폭포,[],4.5,자연,0,129.0225232,35.54327033
서벽고택,[],3.3,역사,0,129.0223527,36.45862505
송도용궁구름다리,[],4.2,인문,0,129.022017,35.06195767
양산워터파크,[],4.4,인문,15,129.0211096,35.33721847
무릉계곡,"['경치', '웅장한', '조용한', '산책']",4.6,자연,15,129.015801,37.4640431
비석문화마을,[],4.1,인문,0,129.0124474,35.09985325
하슬라아트월드,[],4.3,인문,0,129.0102329,37.70653168
부산어촌민속관,[],4.2,문화,0,129.0084663,35.23376595
구포시장,[],4.2,쇼핑,0,129.0040424,35.20896588
화명생태공원,[],4.4,자연,0,129.0039112,35.2310995
삼계리계곡,[],5,자연,0,129.0014464,35.67239706
임해자연휴양림,[],4.3,자연,0,128.9985725,37.71861894
황지연못,"['산책', '도심의', '경치', '포토존']",4.2,자연,14,128.9910509,37.17276224
영남알프스 얼음골케이블카,[],4.3,인문,0,128.9869974,35.58278189
대포항,"['산책', '포토존', '힐링', '경치']",3.7,자연,87,128.9832651,35.05241358
승학산,[],4.5,자연,0,128.9795998,35.11409272
사상근린공원,[],4.5,인문,0,128.976874,35.15219951
관음사,"['조용한', '아름다운', '활기찬', '힐링']",4.1,역사,25,128.9758059,35.109104320300005
임고서원,[],4.3,역사,0,128.9734336,36.01660764
삼락생태공원,[],4.4,자연,0,128.9732045,35.16914477
천황산,[],4.4,자연,0,128.9722355,35.55760112
바람의 언덕,"['아름다운', '경치']",4.2,자연,10,128.9702237,37.21658736
다대포해수욕장,"['산책', '아름다운', '힐링', '경치']",4.4,자연,60,128.9680332,35.04641953
밀양 얼음골,[],4.2,자연,0,128.9676547,35.58193996
서광사,[],4,역사,0,128.9647061,37.17258119
보현산댐 짚와이어,[],5,레포츠,0,128.964528,36.14397082
태백산 국립공원,[],4.6,자연,15,128.9620715,37.13111368
운문사,"['조용한', '활기찬']",4.5,역사,14,128.960367,35.66130866
맥도생태공원,[],4.5,자연,0,128.954926,35.15234909
장림포구,[],3.6,자연,0,128.9513755,35.079362756799995
지례예술촌,[],4.1,역사,0,128.9508714,36.51005116
낙동강문화관,[],4.2,인문,0,128.9474417,35.108287224099996
부산현대미술관,"['예술적', '경치']",4.3,문화,11,128.9427199,35.10937035
송정해수욕장,"['전통적', '아름다운', '활기찬', '포토존']",4.4,자연,90,128.9380761,37.77686936
청수가든,[],4.1,레포츠,0,128.9344174,35.4292843
영천전투메모리얼파크,[],4.1,인문,0,128.92695,35.97352832
안동 용계리 은행나무,[],4.4,자연,0,128.9243938,36.48966132
강문해변,"['경치', '조용한']",4.4,자연,17,128.9190439,37.79485302
만항재,[],4.4,자연,0,128.899071,37.14863546
강릉자동차극장,[],4.6,문화,0,128.896138,37.69352262
강릉시립미술관,[],4.1,문화,0,128.8908475,37.76061476
순포습지,[],4.6,자연,0,128.8885598,37.82016616
강릉 선교장,"['전통적', '포토존']",4.3,역사,46,128.8850778,37.78655887
농암종택,[],4.4,역사,0,128.8849392,36.76390149
버드나무 브루어리,"['도심의', '산책', '경치', '힐링']",4.4,인문,15,128.8844735,37.74827717
삼탄아트마인,"['경치', '예술적', '놀거리', '포토존']",3.9,인문,18,128.8836435,37.18510597
김해향교,[],3.3,역사,0,128.8815661,35.23974073
대성동고분박물관,[],4.4,문화,0,128.8783665,35.2351273
강릉여행 굿캠핑,[],4.1,레포츠,0,128.8762883,37.83158959
강릉경포카라반파크,[],3.9,레포츠,0,128.8760189,37.83237561
금봉자연휴양림,[],4.4,자연,0,128.8746305,36.3315256
국립김해박물관,"['놀거리', '포토존', '산책', '경치']",4.3,문화,26,128.8734584,35.24302354
김해문화의전당,[],4.4,문화,0,128.8694226,35.24374005
이육사문학관,[],4.4,문화,0,128.8631003,36.7390317
숲사랑홍보관,[],4.4,문화,0,128.8513049,37.81722133
백운정,[],4.3,역사,0,128.8508824,36.53161348
만어사,[],4.4,역사,0,128.8461077,35.454924230500005
소돌아들바위공원,[],4.3,인문,0,128.8301374,37.90579121
국립백두대간수목원,[],4.5,자연,0,128.8299536,37.00813359
주문진항,['활기찬'],3.8,자연,44,128.8299019,37.88764331
대관령아기동물농장,[],4.3,인문,0,128.8294714,37.79766761
주문진해양박물관,[],3.7,문화,0,128.8287935,37.89121787
대항전망대,[],4.2,인문,0,128.8251215,35.017159075900004
도산온천,[],3.8,인문,0,128.8201648,36.75050179
유교문화박물관,[],4.4,문화,0,128.8110199,36.70176275
반곡지,[],4.2,자연,0,128.8053606,35.78064786
대관령박물관,[],3.8,문화,0,128.8040012,37.71672648
도사곡휴양림,[],4.5,자연,0,128.7957168,37.22668006
보현산 천문대,[],4.3,자연,0,128.7897033,35.99184312
화암카트체험장,[],4.3,레포츠,0,128.787711,37.34914359
남애항,"['아름다운', '산책', '포토존', '경치']",4.2,자연,11,128.7871623,37.944946943699996
유교랜드,[],5,자연,0,128.7785738,36.56971888
낙강물길공원,[],4.5,인문,0,128.7709712,36.587908323200004
안동민속촌,"['전통적', '아름다운', '도심의', '웅장한']",4.1,역사,19,128.766669,36.57949809
안동민속박물관,"['전통적', '산책', '경치', '힐링']",4.1,문화,12,128.7663941,36.57875373
경산시립박물관,[],4.2,문화,0,128.7619162,35.81532647
밀양아리랑 우주천문대,[],4.6,자연,0,128.7611055,35.50260619
월영교,"['조용한', '아름다운', '활기찬', '경치']",4.5,인문,58,128.7601169,36.57681494
죽도해수욕장,[],4.2,자연,0,128.7595861,37.97235156
죽도오토캠핑장,[],3.8,레포츠,0,128.7595861,37.97237934
아랑각,[],4.4,역사,0,128.7556646,35.49149067
대관령양떼목장,"['경치', '아름다운', '놀거리', '재밌는']",4.2,인문,84,128.7533288,37.687642750500004
안동 법흥사지 칠층전탑,"['재밌는', '신기한']",4.3,역사,14,128.7464462,36.5660548
클레이아크 김해미술관,"['산책', '아름다운', '도심의', '힐링']",4.3,문화,26,128.7450221,35.25169244
안동 임청각,[],4.4,역사,0,128.7447214,36.56512987
대산미술관,[],3.9,문화,0,128.7440974,35.34514304
노추산 모정탑길,[],4.4,레포츠,0,128.7405003,37.56853682
신세동 벽화마을,"['경치', '포토존']",3.8,인문,15,128.7353194,36.56623512
주문진글램핑오토캠핑장,[],4,레포츠,0,128.7337997,37.88020619
석천계곡,[],3.9,자연,0,128.7337543,36.899919160500005
안동 태사묘,[],4.4,역사,0,128.7315808,36.56694331
정선레일바이크,"['경치', '아름다운', '재밌는', '웅장한']",4.4,레포츠,34,128.7303917,37.51704813
도림사,[],4.4,역사,0,128.7298153,35.94914407
하조대,"['아름다운', '경치', '조용한', '포토존']",4.4,자연,44,128.7283735,38.02186743
거제문화예술회관,[],4.4,문화,0,128.7231566,34.867129555300004
창원해양공원,"['경치', '힐링']",4.2,인문,22,128.719662,35.09120442
덕산기 계곡,[],4.2,자연,0,128.7195971,37.36955382
대관령 하늘목장,"['아름다운', '경치', '포토존', '놀거리']",4.3,인문,17,128.7188397,37.70717316
진해보타닉뮤지엄,[],4,자연,0,128.71735,35.13049997
공곶이,[],4.2,인문,0,128.7139288,34.79458471
치산관광지 캠핑장,[],4.3,레포츠,0,128.7128667,36.04922685
진해드림파크,"['재밌는', '경치', '산책']",4.4,자연,11,128.7128587,35.13197473
신매시장,[],4.2,쇼핑,0,128.7101229,35.83813127
피크 아일랜드,"['놀거리', '포토존']",3.7,인문,26,128.7055232,37.65095162
거제조선해양문화관,"['재밌는', '신기한', '경치', '특별한']",3.9,문화,15,128.7019093,34.83373012
거제어촌민속전시관,[],3.9,문화,0,128.7019093,34.83373012
매미성,[],4,자연,0,128.6975699,34.971617409699995
엄마아빠어렸을적에,[],4,인문,0,128.6966743,36.12783708
팔공산 케이블카,"['경치', '산책', '아름다운']",4.3,인문,22,128.69487,35.99084703
유등연지,[],4.3,자연,0,128.6942233,35.67483276
경남도립미술관,"['놀거리', '아름다운', '도심의', '포토존']",4.4,문화,11,128.6908716,35.23947338
대구스타디움,['웅장한'],4.5,레포츠,16,128.6901804,35.82998182
대동백화점,[],4.5,쇼핑,0,128.6886501,35.21970056
경화역 벚꽃길,"['경치', '놀거리', '산책', '포토존']",4.7,자연,50,128.6866547,35.159035104699996
거제박물관,[],3.3,문화,0,128.6861924,34.894050878499996
창원의 집,"['재밌는', '경치', '조용한', '활기찬']",4.4,문화,15,128.6813612,35.24445876
거제민속박물관,[],3.8,문화,0,128.6775945,34.94938342
대관령 눈꽃마을,[],4.1,인문,0,128.6767849,37.71596577
안민고개,[],4.5,자연,0,128.6765082,35.16519812
발왕산 관광케이블카,[],4.5,인문,0,128.6755126,37.630320096999995
미리벌민속박물관,[],3.4,문화,0,128.6744682,35.41897235
대구미술관,"['산책', '조용한', '아름다운', '활기찬']",4.4,문화,36,128.6743653,35.82707074
의성 금성산 고분군,[],4.4,역사,0,128.6734444,36.27428667
제황산공원,[],4.2,자연,0,128.6649763,35.148430344299996
비엔나인형박물관,[],4.2,문화,0,128.6639793,37.66277446
창원단감테마공원,[],4.5,인문,0,128.6632724,35.29919394
해금강테마박물관,[],3.7,문화,0,128.6627874,34.74002044
오산리선사유적박물관,[],4.3,문화,0,128.6604471,38.08590034
영남제일관,[],4.1,역사,0,128.6582348,35.87543997
동촌유원지,[],4.2,인문,0,128.6546406,35.87827847
국립대구기상과학관,[],4.4,문화,0,128.6507909,35.87915053
봉무공원,[],4.4,인문,0,128.6502036,35.92200122
달성 한일우호관,[],4.1,문화,0,128.6471511,35.72336808
대구 불로동 고분군,"['산책', '힐링', '경치']",4.4,역사,24,128.645657,35.91455476
로미지안 가든,[],4.1,자연,0,128.641263,37.44274666
국립대구박물관,[],4.3,문화,39,128.6383485,35.8455791
아양기찻길,"['아름다운', '웅장한', '조용한', '활기찬']",4.1,인문,10,128.6383389,35.89034903
자연염색박물관,[],4,문화,0,128.6364782,35.979344468600004
파계사,[],4.4,역사,0,128.6363698,35.98320514
낙산 해수욕장,"['아름다운', '포토존']",4.3,자연,56,128.6336291,38.11775444
매봉산,[],4.5,자연,0,128.6321225,37.15236325
수성아트피아,[],4.4,문화,0,128.6282831,35.8294724
현산공원,[],4.5,인문,0,128.6171764,38.07467024
삼판서고택,[],2.3,역사,0,128.6162171,36.82061213
외옹치항,[],4,자연,0,128.6109265,38.17929962
속초 설악해맞이공원,[],4.2,인문,0,128.6084328,38.16288482
조선민화박물관,[],4.1,문화,0,128.6066043,37.09632199
팔용산 돌탑,[],4.5,역사,0,128.6043377,35.23371689
속초해수욕장,"['산책', '포토존', '아름다운', '경치']",4.3,자연,32,128.6019936,38.19057591
영금정,"['아름다운', '산책', '경치', '놀거리']",4.5,자연,50,128.6018124,38.2119512
난고 김삿갓 문학관,[],3.8,문화,0,128.6017052,37.079493274099995
오대산국립공원,"['놀거리', '산책', '포토존', '경치']",4.5,자연,26,128.6014972,37.71712808
속초등대전망대,"['도심의', '활기찬', '포토존', '경치']",4.3,자연,38,128.6000931,38.213720404200004
동명항,[],3.7,자연,55,128.5998182,38.21141511
스파크랜드,[],4.3,인문,0,128.5987652,35.86875074
봉산문화거리,[],3.9,인문,0,128.5980293,35.86180429
예송갤러리,[],5,문화,0,128.597596,35.86257364
봉산문화회관,"['예술적', '놀거리']",4.2,문화,10,128.5965517,35.86312634
대구향교,[],4.3,역사,0,128.5959907,35.85975171
경상감영공원,"['조용한', '활기찬', '힐링', '도심의']",4,인문,31,128.5923073,35.87205303
아바이마을 갯배,[],3.9,인문,0,128.5922247,38.20286318
대구근대역사관,[],4.3,문화,0,128.591163,35.87178082
서상돈 고택,[],4.2,역사,0,128.5878384,35.86720905
DGB 대구은행파크,[],4.7,레포츠,0,128.5861798,35.88306278
대구예술발전소,[],4.2,문화,0,128.5845524,35.87548861
선비촌,"['조용한', '활기찬', '아름다운', '놀거리']",4,역사,19,128.5834585,36.92852137
석봉도자기미술관,[],3.7,문화,0,128.5825396,38.19796912
창원NC파크,[],4.7,레포츠,0,128.582326,35.22195393
돝섬해상유원지,[],4.1,인문,0,128.5811051,35.17902817
영랑호,"['경치', '활기찬', '재밌는', '조용한']",4.7,자연,30,128.5807504,38.214222747600004
마산어시장,[],4.1,쇼핑,0,128.5789796,35.20380035
경북대학교자연사박물관,[],3.9,문화,0,128.5769684,36.1214828
창동예술촌,"['특별한', '아름다운', '놀거리', '신기한']",4.1,인문,10,128.5748021,35.20710823
속초스파랜드,[],4,인문,0,128.5746012,38.20718734
매물도,"['아름다운', '웅장한', '조용한', '활기찬']",4.3,자연,20,128.5701426,34.6389356
운암지 수변공원,[],4.4,인문,0,128.5689355,35.93212079
봉포해변,"['경치', '활기찬', '산책', '아름다운']",4.3,자연,15,128.5661727,38.25249856
앞산 해넘이전망대,[],4.4,인문,0,128.5655247,35.83220705
수항계곡,[],4,자연,0,128.565272,37.55751806
성당못,[],4.3,자연,0,128.5616191,35.84462224
장수조이월드,[],3.9,인문,0,128.5614263,36.765223
대구문화예술회관,[],4.4,문화,0,128.5594888,35.84511658
청간정,[],4.1,역사,0,128.5583925,38.26446646
관문시장,[],4.2,쇼핑,0,128.5580003,35.8356343
남계서원,[],4.4,역사,0,128.5576941,36.253761846399996
여우생태관찰원,[],4.7,자연,0,128.5567696,36.91406974
아야진항,[],4.2,자연,0,128.5556481,38.271940536799995
관룡사,[],4.5,역사,0,128.5534646,35.53196018
월광수변공원,"['산책', '활기찬', '재밌는', '포토존']",4.4,인문,15,128.5483299,35.79884384
마비정 벽화마을,[],3.9,인문,0,128.5422449,35.77929594
국립산악박물관,[],4.2,문화,0,128.5404766,38.20259554
기화리 코끼리바위,[],4.5,자연,0,128.5308715,37.30682133
산방산 비원,[],3.5,자연,0,128.527271,34.85937967
송지호 해수욕장,[],4.3,자연,0,128.5265072,38.331508027199995
엘리바덴 신월성점,[],4.2,인문,0,128.5256756,35.82502101
대구수목원,"['아름다운', '도심의', '조용한', '힐링']",4.6,자연,79,128.5200296,35.8007431
남평문씨본리세거지,[],4.3,인문,0,128.5183355,35.79225792
이곡장미공원,[],4.6,인문,0,128.5148118,35.858125400700004
테디베어팜,"['특별한', '포토존', '신기한']",3.9,문화,17,128.5147705,38.20508364
가진항,[],4.3,자연,0,128.5133184,38.36822293
봉암해수욕장,[],4.1,자연,0,128.5109334,34.75907114
예천천문우주센터,[],4.1,자연,0,128.5046277,36.70135146
창녕 신라 진흥왕 척경비,[],4.4,인문,0,128.5025688,35.540883249000004
하늬라벤더팜,[],3.9,자연,10,128.5001538,38.34022594
고성 왕곡마을,[],4.1,역사,0,128.4995816,38.34059811
와룡시장,[],4,쇼핑,0,128.4993493,35.85738909
온달관광지,['산책'],4,인문,21,128.4915183,37.06324861
대명유수지,"['힐링', '경치', '산책', '도심의']",4.3,자연,16,128.4907538,35.82214014
별마로천문대,[],4.6,자연,0,128.4865953,37.19787748
호산공원,[],4.4,인문,0,128.4839536,35.84902586
국립산림치유원,[],4.6,자연,0,128.472601,36.85782183
비선대,"['포토존', '도심의', '놀거리', '아름다운']",4.6,자연,22,128.4670623,38.16407916
강원도 탄광문화촌,[],4,인문,0,128.4669118,37.26313626
국립대구과학관,[],4.4,문화,0,128.4664458,35.68624396
천당폭포,[],4.4,자연,0,128.4661629,38.14598958
이승복기념관,[],4.2,문화,0,128.4644554,37.67220287
구미에코랜드,[],4.4,인문,0,128.462488,36.177154905500004
비진도해수욕장,[],4.3,자연,0,128.4599166,34.72129389
대청봉,[],4.8,자연,0,128.4588238,38.08495487
희방폭포,[],4.3,자연,0,128.4578284,36.91818685
입곡군립공원,[],4.3,자연,0,128.4506919,35.26568274
통영RCE세자트라숲,[],4.6,자연,0,128.4478282,34.84907384
용소폭포,[],4.1,자연,0,128.4455558,38.07719718
한드미마을,[],4.3,인문,0,128.4389307,36.989400545500004
감자꽃 스튜디오,[],4.2,인문,0,128.4388807,37.36885132
화진포해양박물관,[],3.6,문화,0,128.4357413,38.481452648899996
청마문학관,[],3.9,문화,0,128.4352822,34.84507685
음악분수 휴게광장,[],4.6,인문,0,128.4339106,34.827551
통영전통공예관,[],3.9,쇼핑,0,128.4329801,34.82645944
통영활어시장,[],4.1,쇼핑,0,128.4257108,34.84496835
서피랑공원,[],3.7,인문,0,128.4210029,34.844096143899996
금당산,[],4.5,자연,0,128.4096892,37.54431939
죽령폭포,[],4.5,자연,0,128.4074805,36.90444582
통영해양관광공원,[],4.4,인문,0,128.4060713,34.8298808
통영대교,[],4.4,인문,0,128.4044297,34.83054459
칠곡호국평화기념관,[],4.3,문화,0,128.4043643,36.01776639
박경리 기념관,[],4.3,문화,0,128.4036083,34.8023755
함안박물관,[],4.2,문화,0,128.4035293,35.26935648
배두둑호박넝쿨마을,[],5,인문,0,128.4026891,37.47361076
함주공원,[],4.3,인문,0,128.4012763,35.28332153
당항포관광지,[],4.2,인문,0,128.39758,35.05456938
단양패러마을,[],5,레포츠,0,128.3969565,36.996729470300004
함안연꽃테마파크,[],4.2,자연,0,128.3949658,35.28056617
구상문학관,[],4,문화,0,128.3945994,35.98390894
금당계곡,[],4,자연,0,128.3942007,37.48246236
보물섬캠핑장,[],4.4,레포츠,0,128.3916655,37.55266253
보물섬캠핑장,[],4.4,레포츠,0,128.3916655,37.55266253
뇌운계곡,[],3.9,자연,0,128.3807373,37.41525597
건봉사,[],4.6,역사,0,128.3781573,38.40372172
점봉산 곰배령,[],4.7,자연,0,128.3751606,38.039350229200004
백담사,[],4.3,역사,0,128.3743984,38.16517446
양백폭포,[],4.1,자연,0,128.3743396,36.98029204
이효석 문학관,"['경치', '놀거리']",4,문화,10,128.3700073,37.61322733
동강레포츠,[],3.9,레포츠,0,128.3678576,35.672877
이효석 문학의 숲,[],4.3,자연,0,128.3567506,37.60033691
흥정계곡,"['신기한', '재밌는', '경치', '특별한']",4.2,자연,12,128.3518474,37.62707261
평창무이예술관,[],3.9,문화,0,128.3487564,37.61528225
영월 섶다리 마을,[],0,역사,0,128.3477937,37.300260282800004
한반도 뗏목마을,[],4,인문,0,128.3468155,37.22241923
도담삼봉,"['경치', '아름다운', '산책', '놀거리']",4.1,자연,54,128.344825,37.00034474
허브나라농원,"['놀거리', '포토존', '경치', '힐링']",4.1,인문,26,128.3411258,37.63908213
만천하 스카이워크,"['특별한', '경치', '아름다운', '신기한']",4.5,레포츠,23,128.3370708,36.97767498
수양개선사유물전시관,[],3.8,문화,0,128.3324883,36.96051298
성주 한개마을,[],4,역사,0,128.3264042,35.92870284
서산서원,[],4.2,역사,0,128.3250454,35.23633933
휘닉스 스노우파크,['놀거리'],3.7,레포츠,74,128.3237819,37.582902186999995
단양향교,[],3.7,역사,0,128.3229426,36.93745433
단양 적성,[],3.8,역사,0,128.3217092,36.94511177
단양 신라 적성비,[],4.1,역사,0,128.3216676,36.94407022
휘닉스 블루캐니언,[],4,인문,0,128.3196434,37.58010799
하추자연휴양림,[],4.4,자연,0,128.3193325,38.034749692199995
만해문학박물관,[],4.1,문화,0,128.3166086,38.18623756
금오산도립공원,"['힐링', '활기찬', '조용한', '경치']",4.4,자연,10,128.3135809,36.11077082
도락산,[],4.3,자연,0,128.3131681,36.856419005700005
소선암자연휴양림,[],4.2,자연,0,128.3095444,36.91857569
나각산,[],4.3,자연,0,128.3016048,36.383697859899996
미약골,[],4.1,자연,0,128.2989627,37.73991964
예천 삼강주막,[],3.9,역사,0,128.2981251,36.56335228
경상남도수목원,"['아름다운', '웅장한', '조용한', '포토존']",4.4,자연,18,128.2955472,35.15975296
방어산,[],4.2,자연,0,128.2932227,35.25363959
국립횡성숲체원,[],4.5,자연,0,128.2867116,37.53727343
옥성자연휴양림,[],4.3,자연,0,128.284451,36.2791178
합천 옥전 고분군,[],4.7,역사,0,128.2802317,35.58156351
둔내자연휴양림,[],3.5,자연,0,128.2727383,37.52034457
태기산,[],4.1,자연,0,128.2645643,37.60611782
무도글램핑,[],4.7,레포츠,0,128.2617552,37.1716707
대가야 역사테마관광지,[],4.3,인문,0,128.2596853,35.720086368000004
고령 대가야유적지,[],4.3,역사,0,128.2585881,35.72200835
대가야박물관,[],4.3,문화,0,128.2568188,35.722436050300004
상주 자전거박물관,"['재밌는', '경치', '산책']",4.1,문화,12,128.255032,36.45329461
충주호 유람선,[],4.1,인문,0,128.2539906,36.93154539
덕동해수욕장,[],4,자연,0,128.2347218,34.63563557
내천못재,[],1,자연,0,128.2343989,35.60938176
옥순대교,[],4.2,인문,0,128.2318366,36.94927628
개실마을,[],4.1,인문,0,128.227459,35.66772226
박달재,[],4.1,자연,0,128.2261921,37.160004711999996
스키911,[],4.6,레포츠,0,128.2243902,37.51140024
회연서원,[],4.1,역사,0,128.1922764,35.85529206
김천 녹색미래과학관,[],4.3,인문,0,128.1845252,36.12466688
청풍랜드,[],4.1,레포츠,0,128.1790672,37.01282077
천문인 마을,[],3.7,자연,0,128.1752571,37.37244037
인제산촌민속박물관,[],4.3,문화,0,128.1717867,38.06294081
청풍문화재단지,"['전통적', '산책', '경치', '조용한']",4.2,인문,27,128.1710682,37.00468267
시네마360,[],3.3,문화,0,128.1667937,37.00141352
정양늪생태공원,[],4.2,자연,0,128.1660481,35.549737267800005
합천 영상테마파크,['포토존'],4.1,인문,14,128.1658088,35.566657574000004
함벽루,[],4.1,역사,0,128.1652813,35.55989444
디투어스캠프클럽,[],4.1,레포츠,0,128.1548361,37.010448366700004
문경활공랜드,[],4.6,레포츠,0,128.1538441,36.73629926
금호지,[],4.6,자연,0,128.1535528,35.20766171
포천리컴펜글,[],4.3,레포츠,0,128.1498214,35.872389347100004
고성공룡박물관,"['놀거리', '산책', '경치', '포토존']",4.2,문화,22,128.1486833,34.90811192
기미만세공원,[],3.8,인문,0,128.1463918,37.784525464299996
양구통일관,[],3.9,문화,0,128.1455432,38.28994719
대장경테마파크,[],4.4,인문,0,128.1357978,35.76492072
청풍호 관광모노레일,[],4.1,인문,0,128.1339604,37.00312382
문경관광사격장,[],4.4,레포츠,0,128.1299822,36.64327614
문경오미자테마터널,[],3.6,인문,0,128.1286263,36.6599381
고모산성,[],4.3,역사,0,128.1276125,36.66173788
제4땅굴,[],4.2,역사,0,128.1092455,38.32230383
주흘산,[],4.2,자연,0,128.1013918,36.78836732
하늘재,[],4.5,자연,0,128.0956247,36.81833322
강주연못,[],4.4,자연,0,128.0949049,35.11353236
해인사 성보박물관,[],4.1,문화,0,128.0946978,35.79378893
진주향교,[],3.7,역사,0,128.092614,35.1976062
글램핑스토리,[],4.5,레포츠,0,128.0878358,35.7492744
진주성,"['경치', '포토존', '놀거리']",4.5,역사,84,128.0802764,35.189745753400004
월악산국립공원,"['아름다운', '웅장한', '조용한', '포토존']",4.5,자연,13,128.0785243,36.88695281
문경새재도립공원,"['조용한', '경치', '활기찬', '아름다운']",4.5,자연,47,128.077003,36.76165327
문경새재 오픈세트장,"['경치', '포토존']",4.1,인문,22,128.077003,36.76165327
국립진주박물관,"['재밌는', '활기찬', '산책', '신기한']",4.7,문화,25,128.0768878,35.18896523
진주 음악분수대,[],4.4,인문,0,128.0756547,35.18568779
한얼문예박물관,[],4.1,문화,0,128.0726851,37.4889111
병지방계곡,[],4.1,자연,0,128.0635938,37.59793442
사천첨단항공우주과학관,[],5,문화,0,128.0634782,35.07094492
사천바다 케이블카,[],4.5,인문,0,128.053416,34.93379347
치악산국립공원,[],4.6,자연,0,128.050681,37.41436097
미술관 자작나무숲,[],3.8,문화,0,128.0500759,37.49281578
구룡사,"['아름다운', '놀거리', '조용한', '경치']",4.2,역사,26,128.0498676,37.39950434
충주호캠핑월드,[],4.4,레포츠,0,128.0415541,37.02751652
우두산출렁다리,[],4.5,인문,0,128.0409208,35.73666388
원예예술촌,[],3.9,자연,0,128.036282,34.80363275
합천댐 물 문화관,[],4.4,인문,0,128.0295329,35.53155076
수옥폭포,[],4.4,자연,0,128.0285783,36.80683886
송정 솔바람해변,[],4.3,자연,0,128.0243657,34.72139729
남해양떼목장 양마르뜨언덕,[],3.9,인문,0,128.02425,34.79062566
허브빌리지,[],3.8,인문,0,128.0221793,35.68833012
직지문화공원,[],4.5,인문,0,128.0142517,36.11646472
바람흔적미술관,"['조용한', '경치', '아름다운', '활기찬']",3.8,문화,18,128.0122101,34.76232306
김천 세계도자기박물관,[],3.8,문화,0,128.0111964,36.11689517
하늘바라기글램핑,[],4.5,레포츠,0,128.0056374,37.80382334
직지사,"['재밌는', '조용한', '신기한', '아름다운']",4.5,역사,27,128.0028416,36.11515633
횡성향교,[],4.5,역사,0,127.9933785,37.48635713
양구선사박물관,[],4.2,문화,0,127.9903847,38.123580302600004
황매산군립공원,[],4.5,자연,0,127.9820689,35.48167777
남해토피아랜드,[],4.2,인문,0,127.9818245,34.84568264
운암정,[],5,역사,0,127.9803266,37.49628352
조동리 선사유적 박물관,[],4.6,문화,0,127.9616641,37.02634851
목면시배유지,[],3.9,문화,0,127.9580345,35.28971011
원주 강원감영,[],4.2,역사,0,127.9504947,37.34781402
원주역 급수탑,[],3,역사,0,127.94487,37.35711562
원주한지테마파크,"['힐링', '놀거리', '포토존', '아름다운']",4.2,인문,23,127.9353798,37.33437362
팔봉글램핑,[],4.1,레포츠,0,127.9238739,36.90019288
지리산참숯굴찜질방,[],3.7,인문,0,127.9213882,35.271897578200004
반야사,[],4.2,역사,0,127.909412,36.28071077
하동케이블카,[],4.3,인문,0,127.8952981,34.98087707
옥종불소유황천,[],3.6,인문,0,127.8921715,35.15744884
상상양떼목장 편백숲,[],4,인문,0,127.8905996,34.93574594
알파카월드,"['조용한', '재밌는', '산책', '경치']",4.4,인문,16,127.8837033,37.82769884
노근리평화공원,[],4.3,역사,0,127.8805776,36.21354569
문장대,[],4.5,자연,0,127.8795538,36.57247966
남해대교유람선,[],3.9,인문,0,127.8729066,34.94132278
이순신 영상관,[],3.9,문화,0,127.857067,34.913367307600005
동화마을수목원,[],4.5,자연,0,127.8553431,37.3152299
산막이옛길,"['경치', '산책', '아름다운']",4.4,레포츠,10,127.8387772,36.76106841
황산전통한옥마을,[],3.6,역사,0,127.8374936,35.76317667
원주 소금산 출렁다리,"['경치', '산책', '도심의', '놀거리']",4.1,인문,19,127.8340575,37.36462936
산청 한의학박물관,[],3.9,문화,0,127.8293751,35.4410602
민주지산 자연휴양림,[],4.2,자연,0,127.8290086,36.05888737
미륵산,"['아름다운', '산책', '경치', '재밌는']",4.7,자연,79,127.8184101,36.64356485
생각속의 집,[],4.2,레포츠,0,127.8043128,37.37192241
솔향공원 스카이바이크,[],3.9,레포츠,0,127.8027266,36.49925609
능암온천랜드,[],3.8,인문,0,127.8023543,37.09352395
속리산 숲체험휴양마을,[],4.6,인문,0,127.799927,36.49444548
금원산자연휴양림,[],3.8,자연,0,127.797898,35.73148789
오대호아트팩토리,[],4.5,문화,0,127.7945355,37.09424039
원주 반계리 은행나무,[],4.5,자연,0,127.7879665,37.29393112
영동 와인터널,[],4,인문,0,127.7842959,36.16131102
개평한옥마을,[],4.1,역사,0,127.7673718,35.56581445
배알도 해변공원,[],4.2,인문,0,127.760216,34.95992984
지리산 빨치산토벌 전시관,[],3.6,문화,0,127.7542746,35.29121468
세종천문대,[],3.9,자연,0,127.7542484,37.25735972
국립춘천박물관,['산책'],4.5,문화,20,127.7538473,37.86389498
강원경찰박물관,[],4.4,문화,0,127.7502792,37.92549885
춘천막국수체험박물관,['전통적'],4.3,문화,13,127.7497674,37.94873503
하멜전시관,[],4,문화,0,127.7484366,34.736810204499996
여수 해양레일바이크,['경치'],3.8,레포츠,28,127.7467581,34.77221177
만성리 검은모래해변,['산책'],3.4,자연,10,127.7447915,34.77715285
춘천숲자연휴양림,[],4.1,자연,0,127.7429851,37.74794992
여수 해상케이블카,['재밌는'],4.3,인문,100,127.7393265,34.730796830799996
여수 진남관,['경치'],3.7,역사,48,127.7367486,34.74187055
이순신광장,"['산책', '아름다운']",4.1,인문,78,127.7357349,34.739901304899995
춘천 명동 닭갈비 골목,['힐링'],3.9,인문,70,127.7277354,37.87925659
춘천명동거리,"['아름다운', '놀거리', '조용한']",3.9,인문,58,127.7275493,37.88004816
소양강스카이워크,"['경치', '힐링', '아름다운', '산책']",3.9,인문,24,127.7242936,37.89343543
상림공원,[],4.5,인문,0,127.7218713,35.523723959899996
육림랜드,[],4,인문,0,127.7200932,37.91919625
김유정문학촌,"['경치', '포토존', '예술적']",4.1,역사,28,127.7176992,37.81841904
함양대봉산휴양밸리,[],4.6,자연,0,127.7152874,35.56806049
에티오피아한국전참전기념관,[],4.2,문화,13,127.7117509,37.87382081
금오도 비렁길,[],4.5,레포츠,0,127.7111644,34.53719855
여성생활사박물관,[],4.1,문화,0,127.7082029,37.2433716
난계국악박물관,[],4.1,문화,0,127.7049322,36.21017624
무주머루와인동굴,[],3.6,인문,0,127.6975367,35.96496515
해피초원목장,[],3.5,인문,0,127.6957492,37.97924991
강선대,[],4.2,역사,0,127.6957323,36.13520963
평사리공원,[],4.3,인문,0,127.6917508,35.13588108
춘천 삼악산 호수케이블카,[],4.5,인문,0,127.6913808,37.86449652
최참판댁,['전통적'],4.2,역사,17,127.6884533,35.15594821
평사리들판,"['경치', '아름다운', '포토존', '힐링']",4.2,자연,10,127.6865093,35.14812961
글램핑앤카라반,[],4,레포츠,0,127.6777124,37.5860786
금강유원지,[],4.2,인문,0,127.673722,36.27945111
금강 둘레길,[],4,레포츠,0,127.6705317,36.13471756
도산서원,"['산책', '도심의', '놀거리', '신기한']",4.5,역사,38,127.668464,35.8718891
명성황후 생가,[],4.1,역사,0,127.6556516,37.26049366
여주세계생활도자관,[],3.9,문화,0,127.6545062,37.30012239
강촌유원지,[],4,인문,0,127.6325487,37.81570388
논개생가,[],4.1,역사,0,127.6212317,35.67921013
이원양조장,[],4.8,인문,0,127.6208553,36.24729828
구곡폭포,[],4.4,자연,0,127.6092987,37.79393376
향수호수길,[],4.4,레포츠,0,127.6091175,36.347717154099996
광양와인동굴,[],3.1,자연,0,127.6086181,34.96134926
예뿌리민속박물관,[],4.5,문화,0,127.5978315,36.582828928299996
증평민속체험박물관,[],4.3,문화,0,127.5951823,36.76395532
흥부골자연휴양림,[],3.1,자연,0,127.5872436,35.44492495
정지용 생가,[],4.2,역사,0,127.5821653,36.31507318
광양 장도박물관,[],3.7,문화,0,127.580573,34.97686092
엘리시안 강촌,[],4.3,인문,0,127.5787976,37.83013454
용암사(옥천),[],4.4,역사,0,127.56431,36.25923757
여자만갯벌,[],4.5,자연,0,127.5642513,34.79502828
호주전투기념비,[],4.2,인문,0,127.5596863,37.89583765
천서리 막국수촌,[],3.8,인문,0,127.5475573,37.40290021
금다래캠핑장,[],4.2,레포츠,0,127.5337482,37.950122512600004
운곡서원,[],3.6,역사,0,127.5280343,36.605872252800005
순천 기적의도서관,[],4.5,문화,0,127.5276812,34.94720223
청주동물원,[],4.2,자연,10,127.521592,36.651777981900004
영연방참전기념비,[],4.1,인문,0,127.5156452,37.825911639699996
유명산힐링캠프,[],4.7,레포츠,0,127.5132022,37.59095001
국립청주박물관,['경치'],4.4,문화,22,127.5127179,36.648542082199995
카누글램핑펜션,[],5,레포츠,0,127.5111081,38.05905384
청남대,"['경치', '포토존', '산책', '아름다운']",4.3,인문,46,127.4997532,36.518065144299996
한국기독교역사박물관,[],4.4,문화,0,127.4992113,37.22282015
용담호,[],4.2,자연,0,127.4987191,35.93454286
화엄사,"['웅장한', '조용한', '아름다운', '경치']",4.5,역사,28,127.4971648,35.25555865
죽도봉공원,['경치'],4.4,인문,10,127.4954783,34.95402591
수암골 벽화마을,[],4,인문,0,127.4943001,36.647283562800006
피노키오와 다빈치,[],4,인문,0,127.4907895,37.716968294699996
쁘띠프랑스,['조용한'],3.9,인문,100,127.4903146,37.71537125
스톤힐글램핑,[],4.7,레포츠,0,127.4870128,37.50065722
양평군립미술관,[],4.3,문화,0,127.4839715,37.49709369
하늘물빛정원,[],4.1,자연,0,127.4837737,36.22498449
대청댐 물문화관,[],4.1,인문,0,127.4815116,36.47437538
순천향교,[],3.8,역사,0,127.4795519,34.95397286
남송미술관,[],3.7,문화,0,127.4722274,37.90449891
상소동 산림욕장,[],4.4,자연,0,127.4710997,36.2313641
청주백제유물전시관,[],3.8,문화,0,127.4690189,36.65221032
칼봉산자연휴양림,[],4.3,자연,0,127.4658883,37.83492912
한독의약박물관,[],4.6,문화,0,127.4649437,36.97148464
문충사,[],3.9,역사,0,127.4598926,36.3243616
대전대학교박물관,[],4,문화,0,127.4583036,36.33530199
청주 정북동 토성,[],4.4,역사,0,127.4556524,36.68953913
하늘공원,"['포토존', '경치', '아름다운', '놀거리']",4.5,인문,100,127.4515987,36.33176894
대동하늘공원,"['아름다운', '포토존', '웅장한', '놀거리']",4.1,인문,14,127.4515987,36.33176894
계족산 황톳길,"['산책', '힐링', '조용한', '경치']",4.5,레포츠,16,127.449222,36.40325517
우송예술회관,[],4,문화,0,127.4459074,36.33783204
인디어라운드,[],4.2,레포츠,0,127.4402269,37.25240455
팔영산자연휴양림,[],4.3,자연,0,127.4394638,34.621428920599996
지리산정원,[],4.4,자연,0,127.4388136,35.28722629
대전문학관,[],4.2,문화,0,127.4372743,36.3566825
쌍청당,[],3.6,역사,0,127.4344577,36.3638483
복전암,[],4.6,역사,0,127.4336871,36.30682703
송애당,[],3.8,역사,0,127.43288,36.36459819
한화생명 이글스파크,[],4.4,레포츠,26,127.431537,36.316275912100004
렉스필드 컨트리클럽,[],4.2,레포츠,0,127.4313791,37.39888744
대전트래블라운지,[],4.5,인문,0,127.4300007,36.33051037
한밭교육박물관,[],4.2,문화,0,127.4288311,36.33742622
와이캠핑장,[],3.7,레포츠,0,127.424809,37.73176258
이천시립월전미술관,[],4.2,문화,0,127.4240165,37.28015938
비에이비스타 컨트리클럽,[],3.5,레포츠,0,127.41657,37.18057076
은수사,[],4.1,역사,0,127.4144951,35.75946684
진천 종박물관,[],4.2,문화,0,127.4138456,36.87072588
설봉산,[],4.4,자연,0,127.4134841,37.281314611300004
마이산 화엄굴,[],3.6,자연,0,127.4127036,35.75965012
한택식물원,"['힐링', '조용한', '아름다운', '산책']",3.7,자연,21,127.4097675,37.09406118
여진불교미술관,[],4,문화,0,127.4061089,36.41076187
청평자연휴양림,[],4.1,자연,0,127.4053613,37.71251724
이천도예마을,['산책'],4,역사,12,127.403662,37.30791136
가평사계절썰매장,[],4,레포츠,0,127.4023798,37.75555107
실크리버 컨트리클럽,[],4.2,레포츠,0,127.3905205,36.54567114
춘향문화예술회관,[],4.3,문화,0,127.3901038,35.4022069
춘향테마파크,"['경치', '산책', '재밌는', '포토존']",3.7,인문,10,127.3900955,35.402243
엑스포다리,"['아름다운', '웅장한', '조용한', '활기찬']",4.5,인문,27,127.3880172,36.372746458099996
이응노 미술관,"['산책', '힐링', '놀거리', '포토존']",4.4,문화,21,127.3870118,36.36686378
남원에어레일,[],4,인문,0,127.3869485,35.40398997
뿌리공원,"['도심의', '재밌는', '활기찬', '경치']",4.4,인문,17,127.386428,36.28450652
한밭수목원,"['경치', '아름다운', '포토존', '도심의']",4.6,자연,85,127.3862702,36.36863023
대전시립미술관,"['조용한', '산책', '도심의', '예술적']",4.4,문화,51,127.3857231,36.36703596
두메향기,[],3.8,자연,0,127.3856649,37.55252713
남원향교,[],4,역사,0,127.3830012,35.42206564
도마큰시장,[],4.2,쇼핑,0,127.381972,36.31661388
광한루,"['산책', '조용한', '활기찬', '아름다운']",3,역사,47,127.3795269,35.40327881
국립중앙과학관,"['놀거리', '포토존']",4.5,문화,17,127.3751904,36.375470918400005
티놀자 애니멀 파크,[],3.9,인문,0,127.3751532,36.41590518
마복산,[],4.5,자연,0,127.3700773,34.54634448
파인트리오토캠핑장,[],3.7,레포츠,0,127.3641394,38.0207167
지질박물관,"['재밌는', '신기한', '산책', '포토존']",4.4,문화,21,127.360525,36.37992848
대전시민천문대,"['아름다운', '웅장한', '조용한', '활기찬']",4.6,자연,12,127.3536144,36.38153929
블루문캠핑장,[],4.6,레포츠,0,127.3501431,37.74680113
대둔산자연휴양림,"['힐링', '경치', '아름다운', '산책']",4.2,자연,14,127.3448472,36.1223132
마령큰시내들캠핑장,[],4.7,레포츠,0,127.3446157,35.73820969
순천시립 뿌리깊은나무 박물관,[],3.9,문화,0,127.3400432,34.9036539
화담숲,"['놀거리', '산책', '힐링', '포토존']",4.5,자연,19,127.3380341,37.32636636
낙안온천,[],3.9,인문,0,127.3379874,34.919474309099996
덕평공룡수목원,[],4.2,자연,0,127.3372035,37.23231612
순천전통야생차체험관,[],4.3,인문,0,127.3340942,34.9949352
중산 일몰전망대,[],4.3,인문,0,127.3316953,34.73850563
대둔산케이블카,[],4.4,인문,0,127.3294987,36.116691347199996
의견비,[],4.3,인문,0,127.3288752,35.53714612
퇴촌식물원,[],4,인문,0,127.32612,37.46732482
고흥분청문화박물관,[],4.4,문화,0,127.3244876,34.627859577399995
세미원,"['산책', '포토존', '놀거리', '힐링']",4.1,자연,41,127.3241903,37.54074127
핸드앤몰트,[],4.6,인문,0,127.323571,37.63414985
거문도 등대,[],4.5,자연,0,127.3219613,34.00843141
혼불문학관,[],4.4,역사,0,127.3198969,35.481296728800004
한탄강썬래프팅,[],3,레포츠,0,127.3195557,38.17009011
이웅재고가,[],3.9,역사,0,127.3167632,35.504444053600004
진잠향교,[],4.1,역사,0,127.3149757,36.300109028899996
푸른산페어웨이,[],4.5,레포츠,0,127.3107234,38.06932949
숲속에안뜰,[],3.4,레포츠,0,127.3084519,37.18308796
평강식물원,[],4.5,자연,0,127.3059494,38.05009832
한과문화박물관 한가원,[],3.8,문화,0,127.3036046,38.06842947
수종사,"['경치', '아름다운', '산책', '웅장한']",4.5,역사,21,127.3025719,37.571134567600005
벗이미술관,[],3.9,문화,0,127.3022008,37.24146443
임실치즈테마파크,[],4.3,인문,0,127.3012668,35.63317364
실학박물관,['산책'],4.4,문화,10,127.3006181,37.51607148
광수사,[],4.1,역사,0,127.2980482,36.34253165
고석정 꽃밭,[],4.4,자연,0,127.295524,38.18828476
곤지암리조트,[],4.4,인문,0,127.292224,37.33748369
국립대전숲체원,[],4.3,자연,0,127.2912077,36.3243725
국립세종수목원,[],4.5,자연,0,127.2858062,36.49811084
비금계곡,[],3.7,자연,0,127.2769578,37.75754021
옹장굴,[],3.6,자연,0,127.2705195,38.13613761
율봄식물원,[],4.3,자연,0,127.2703556,37.46952355
조계산도립공원,[],4.4,자연,0,127.2687691,35.00428025
용인자연휴양림,"['아름다운', '경치', '힐링', '포토존']",4.4,자연,27,127.2678074,37.3148442
도림사오토캠핑리조트,[],4,레포츠,0,127.2668711,35.262142814499995
뒤웅박고을,[],4.1,역사,0,127.2591732,36.67593718
미리내 성지,"['아름다운', '웅장한', '조용한', '활기찬']",4.6,역사,10,127.258638,37.14618854
밀마루전망대,[],3.8,인문,0,127.2558421,36.505448357199995
대안미술공간 소나무,[],5,문화,0,127.2486074,36.98122685
운주산성,[],4,역사,0,127.2420634,36.68298329
이레캠핑장,[],4,레포츠,0,127.2407499,37.854833780300005
오스갤러리,[],4.2,문화,0,127.2397235,35.90480837
세심자연휴양림,[],3.7,자연,0,127.2333675,35.51825771
계룡산국립공원,"['산책', '경치']",4.5,자연,19,127.2324621,36.3568733
독립기념관,"['산책', '경치']",4.6,문화,81,127.2304173,36.78193559
중앙대학교박물관,[],4.4,문화,0,127.2301751,37.00510432
영평사,[],4.2,역사,0,127.2276982,36.47334043
프라움악기박물관,[],4,문화,0,127.2270261,37.5685085
중대물빛공원,[],4.3,인문,0,127.2180983,37.402774787800006
삼성화재 교통박물관,"['신기한', '재밌는', '경치', '특별한']",4.3,인문,37,127.2169347,37.300361629899996
하남역사박물관,[],4.3,문화,0,127.206062,37.54544691
서운동산,"['경치', '산책', '힐링', '포토존']",4.1,인문,12,127.2030169,37.770990078400004
에버랜드스피드웨이,[],4.8,레포츠,0,127.201339,37.29337882
에버랜드,['아름다운'],4.5,인문,100,127.201339,37.29337882
캐리비안베이,['놀거리'],4.3,인문,100,127.201339,37.29337882
호암미술관,"['산책', '힐링', '활기찬', '경치']",4.5,문화,39,127.1923149,37.293206459299995
보성 강골마을,[],3.6,역사,0,127.1899377,34.76177839
석장리박물관,"['경치', '아름다운', '웅장한', '놀거리']",4.1,문화,15,127.1875831,36.44794541
갑사,"['경치', '아름다운', '조용한', '활기찬']",4,역사,12,127.1873853,36.36534376
보성 이진래고택,[],4.5,역사,0,127.1867491,34.763022641999996
모후산,[],4.7,자연,0,127.1816539,35.03235338
계백장군 유적지,[],4.8,역사,0,127.1814127,36.19245232
백제군사박물관,[],4.3,문화,0,127.1814016,36.19239399
백아산자연휴양림,[],4,자연,0,127.1787787,35.16002505
안성 3.1운동기념관,[],4.4,문화,0,127.1752784,37.06277168
득량역 추억의 거리,[],3.8,인문,0,127.1701644,34.7615142
성남시립식물원,[],4.5,자연,0,127.1668682,37.45322635
전주자연생태관,[],3.9,문화,0,127.1626022,35.811578742600005
88컨트리클럽,[],4.3,레포츠,0,127.1623506,37.3026215
우석헌자연사박물관,[],3.9,문화,0,127.1610062,37.69789782
구리타워,[],3.9,인문,14,127.1609427,37.58882161
보성군립 백민미술관,[],4.1,문화,0,127.160113,34.9669326
전주향교,"['조용한', '활기찬', '아름다운']",4.3,역사,37,127.157236,35.81217303
길동생태공원,[],4.4,자연,0,127.1568388,37.54131872
경각산,[],3.5,자연,0,127.156605,35.72691049
전주전통한지원,[],4.7,인문,0,127.1535251,35.815878095900004
강암서예관,[],4.1,문화,0,127.152492,35.811281378800004
전주공예품전시관,"['아름다운', '포토존']",4.4,문화,10,127.1510087,35.81738899
마천시장,[],4.1,쇼핑,0,127.1507128,37.49813196
율동공원,"['산책', '힐링', '경치', '도심의']",4.6,인문,100,127.1504495,37.38030395
책테마파크,"['산책', '놀거리', '조용한', '힐링']",4.4,인문,22,127.1499939,37.38334248
경기전,"['산책', '전통적', '포토존', '경치']",4.3,역사,100,127.1498644,35.81520589
어진박물관,[],4.2,문화,49,127.1493588,35.816225206300004
전주전동성당,['웅장한'],4.4,역사,100,127.1492173,35.81330887
공주민속극박물관,[],3.4,문화,0,127.1476741,36.50180797
구리 농수산물도매시장,[],3.8,쇼핑,0,127.1452351,37.61138537
열쇠전망대,[],4.5,인문,0,127.14415,38.15518862
CGV 전주고사,[],4.2,문화,0,127.1420955,35.82036905
장자호수공원,[],4.5,인문,0,127.140689,37.586227101300004
한국소리문화의전당,[],4.3,문화,0,127.1376811,35.85526778
녹동항,[],4.6,자연,0,127.1326707,34.52743703
단국대학교 석주선기념박물관,[],4.3,문화,0,127.1325084,37.3211827
대원사 티벳박물관,[],4.1,문화,0,127.132199,34.95909412
성남아트센터,"['전통적', '놀거리']",4.4,문화,49,127.1320283,37.4033204
전북대학교 박물관,[],4.3,문화,0,127.1320151,35.84624927
오지호기념관,[],4,문화,0,127.1310019,35.06803183
암사종합시장,[],4.3,쇼핑,0,127.1288522,37.5509171
금학생태공원,[],4.4,자연,0,127.1238669,36.43385701
소마미술관,[],4.3,문화,0,127.1229758,37.52098714
공주역사영상관,[],3.5,문화,0,127.1219804,36.45443518
덕진공원,['포토존'],4.2,인문,48,127.1218688,35.84751561
성남 중앙공원,"['산책', '도심의', '재밌는', '힐링']",4.6,인문,61,127.1211633,37.38028954
장욱진고택,[],4.4,역사,0,127.1204045,37.30127645
한국민속촌,"['산책', '포토존', '놀거리', '힐링']",4.4,역사,100,127.1182115,37.25778423
회문산,[],4.3,자연,0,127.1180948,35.498980130300005
광진교 8번가,[],5,인문,0,127.1141593,37.54447592
물사랑 배움터,[],4.3,문화,0,127.1129934,35.02641955
국립공주박물관,"['포토존', '놀거리']",4.3,문화,25,127.1118116,36.46540318
파라다이스 카지노 워커힐,"['활기찬', '산책']",4.2,레포츠,17,127.1107898,37.55522183
전북도립미술관,[],4.2,문화,0,127.1069399,35.72774842
아차산성,[],4.4,역사,0,127.104871,37.55382466
서울 석촌동 고분군,"['도심의', '활기찬', '경치', '힐링']",4.5,역사,14,127.102831,37.50219451
반줄,[],4.4,인문,0,127.1017764,35.94545133
키자니아 서울,"['재밌는', '포토존', '산책', '예술적']",4.3,인문,17,127.0981395,37.5110684
롯데월드 민속박물관,"['힐링', '도심의', '경치', '재밌는']",4.3,문화,35,127.0979395,37.511229484699996
샤롯데씨어터,[],4.4,문화,25,127.0976312,37.51238212
태학산자연휴양림,[],4.3,자연,0,127.0938893,36.73159452
전주역사박물관,"['놀거리', '아름다운', '예술적', '산책']",4.2,문화,12,127.0933753,35.80115373
니지모리 스튜디오,[],3.8,인문,0,127.0920184,37.879256
연홍도,[],4.3,자연,0,127.0912649,34.457874671199995
용마폭포공원,[],4.4,인문,0,127.0906495,37.57385264
이영미술관,[],3.7,문화,0,127.0900801,37.27730646
국립전주박물관,['재밌는'],4.4,문화,24,127.0897201,35.80132309
율포해수녹차센터,[],4.5,인문,0,127.0866351,34.67403094
이병기선생 생가,[],4.3,역사,0,127.0847255,36.035837954099996
가람문학관,[],4.2,문화,0,127.084495,36.03536023
우리유황온천,[],4.2,인문,0,127.0842402,37.53103249
동막골유황천,[],3.9,인문,0,127.0812438,38.08965902
보향다원,[],4.5,쇼핑,0,127.0759367,34.75733252
분재박물관,[],4.2,문화,0,127.0754765,37.45346356
대모산공원,[],4.6,자연,0,127.0750897,37.477585756399996
경춘선숲길,[],4.5,레포츠,0,127.0694164,37.63162332
수원체육문화센터,[],4.7,레포츠,0,127.0677521,37.25862767
강천산 군립공원,"['산책', '놀거리', '포토존']",4.4,자연,11,127.0675127,35.40882836
전주월드컵경기장,"['아름다운', '활기찬', '특별한', '조용한']",4.4,레포츠,30,127.0645234,35.868128940300004
동탄센트럴파크,[],4.6,인문,0,127.0635957,37.20568928
궐리사,['아름다운'],3.9,역사,11,127.062211,37.15896966
지중해마을,"['경치', '포토존']",3.4,인문,22,127.0616377,36.79698642
한탄강 관광지,[],4.5,인문,0,127.058876,38.008931936399996
금마저수지,[],3.4,자연,0,127.05684,36.00182468
청계산,[],4.3,자연,0,127.0565396,37.44404209
모악산도립공원,"['아름다운', '웅장한', '조용한', '활기찬']",4.5,자연,10,127.0561029,35.72282866
지도박물관,[],4,문화,0,127.0549278,37.2757949
삼성 이노베이션 뮤지엄,['놀거리'],4.7,인문,42,127.053184,37.25791916
평택국제중앙시장,[],4,쇼핑,0,127.0527307,37.0808063
경희대학교 자연사박물관,[],4.2,문화,0,127.0524857,37.596440989499996
동광극장,[],4,문화,0,127.0520156,37.9088546
수원광교박물관,[],4.1,문화,0,127.0514053,37.29633968
서울창포원,[],4.4,자연,0,127.0481278,37.689380102600005
구룡마을 대나무 숲,[],4.1,자연,0,127.0471295,36.01242331
익산 미륵산성,[],4.3,역사,0,127.043135,36.02573005
스파리조트 안단테,[],3.8,인문,0,127.0428176,34.63821477
역삼동성당,[],4.3,역사,0,127.0418005,37.500543604099995
서울숲,"['도심의', '산책', '조용한', '아름다운']",4.6,자연,100,127.0415131,37.546868774699995
마장 축산물시장,"['아름다운', '조용한', '활기찬']",4.2,쇼핑,29,127.0400209,37.570402124699996
경동시장,"['활기찬', '조용한', '놀거리', '아름다운']",4.1,쇼핑,31,127.0391568,37.57908999
K현대미술관,[],3.8,문화,0,127.0391111,37.5243519
압구정 로데오거리,"['아름다운', '놀거리', '특별한']",4.3,인문,36,127.0388972,37.52687661
월화원,"['활기찬', '웅장한', '경치', '도심의']",4.4,역사,28,127.0378103,37.26315161
서울한방진흥센터,[],4.4,문화,0,127.0376013,37.58065367
도봉산,"['아름다운', '경치', '도심의', '조용한']",4.6,자연,13,127.0372178,37.68639136
홍릉수목원,"['조용한', '아름다운', '활기찬', '경치']",4.4,자연,10,127.0370542,37.57907884
수원월드컵경기장,"['산책', '경치', '조용한']",4.5,레포츠,51,127.0369291,37.28658222
도산공원,"['조용한', '아름다운', '활기찬', '힐링']",4.5,자연,22,127.036242,37.52307422
도산안창호기념관,[],4.5,문화,0,127.0356559,37.523937999699996
수원박물관,[],4.2,문화,19,127.0356067,37.29763647
수문해수욕장,[],4.2,자연,0,127.0355099,34.63564272
청계천박물관,"['힐링', '놀거리', '도심의', '산책']",4.3,문화,10,127.0350435,37.57127416
청계산맑은숲공원,[],4.7,자연,0,127.0343093,37.4095457
관세박물관,[],4,문화,0,127.0336451,37.51817752
나혜석거리,[],4.2,인문,0,127.0334106,37.26416808
달빛소리 수목원,[],3.9,자연,0,127.033041,35.93984523
현충사,"['경치', '산책', '아름다운']",4.7,역사,50,127.0328983,36.80762635
국립익산박물관,[],4.5,문화,0,127.0286089,36.01149531
올림픽공원,"['산책', '도심의', '활기찬', '경치']",4.6,인문,100,127.0285945,37.261526636999996
다도화랑,[],1,문화,0,127.0260901,37.52298794
서울풍물시장,"['산책', '힐링', '경치']",3.9,쇼핑,26,127.0254666,37.57271826
창룡문,"['경치', '신기한']",4.6,역사,16,127.0251468,37.287790200500005
담양리조트 온천,[],3.9,인문,0,127.0244621,35.3662019
수원화성박물관,"['재밌는', '산책', '포토존', '경치']",4.3,문화,28,127.0189198,37.28267402
서울랜드,[],4.3,인문,77,127.0188989,37.43368706
당림미술관,[],4,문화,0,127.0186791,36.74277801
동묘벼룩시장,"['놀거리', '산책', '경치']",4,쇼핑,17,127.01807,37.57266536
화성행궁,"['산책', '경치', '웅장한', '활기찬']",4.5,역사,100,127.0179533,37.28029372
숭인근린공원,[],4.4,인문,0,127.0178505,37.576517681999995
광교산,"['산책', '활기찬']",4.4,자연,35,127.0169409,37.32943523
팔달문,"['전통적', '놀거리']",4.4,역사,72,127.0167173,37.27753568
외암민속마을,"['조용한', '힐링', '아름다운', '놀거리']",4.1,역사,57,127.0144465,36.7310404
동북공심돈,[],4.4,역사,0,127.0142728,37.28893432
채석장 전망대,[],4,인문,0,127.0125538,37.57635927
잠원한강공원,[],4.4,인문,0,127.0122665,37.52071295
수원향교,[],4.3,역사,0,127.0121179,37.2728417
샘터화랑,[],4.7,문화,0,127.0103033,37.502642795300005
광희문,[],4.2,역사,0,127.0096988,37.56437728
죽림서원,[],3.7,역사,0,127.0094652,36.1549536
국립4.19민주묘지,[],4.6,역사,0,127.0091159,37.64844805
한양도성박물관,"['아름다운', '조용한', '도심의', '활기찬']",4.3,문화,16,127.0085792,37.57293182
메리모나크,[],4.5,레포츠,0,127.0080891,37.51911029
장충체육관,[],4.3,레포츠,0,127.0068048,37.55823905
낙산공원,"['조용한', '아름다운', '힐링', '경치']",4.5,인문,100,127.0065125,37.58057256
소다미술관,[],4,문화,0,127.0061038,37.20167205
장충동 족발 골목,[],4.2,인문,0,127.0057826,37.56048322
국립과천과학관,['예술적'],4.5,문화,54,127.0057499,37.43847238
소등섬,[],4.5,자연,0,127.0047356,34.60462068
장충단공원,"['경치', '웅장한', '조용한', '산책']",4.4,인문,12,127.0041162,37.55760297
몽마르뜨공원,"['경치', '산책', '도심의', '놀거리']",4.4,인문,18,127.0037402,37.4955435
국립중앙도서관,[],4.5,문화,0,127.0028374,37.49797931
마로니에공원,[],4.3,인문,0,127.002724,37.58024198
아르코미술관,[],4.4,문화,0,127.0025212,37.57975314
용암산,[],4.3,자연,0,127.0020214,34.96637443
한상수자수박물관,[],4.1,문화,0,127.0009515,37.59365705
광장시장,"['조용한', '놀거리', '경치']",4.2,쇼핑,100,126.9997218,37.57016532
백운호수,[],4.1,자연,0,126.999405,37.37927914
선바위미술관,[],3.6,문화,0,126.9993168,37.451751284299995
가원미술관,[],4.2,문화,0,126.9992259,37.424007279499996
서울대학교병원 의학박물관,[],4.2,문화,0,126.9989688,37.57956143
리움 미술관,"['아름다운', '웅장한', '예술적', '활기찬']",4.7,문화,100,126.9987922,37.538580081199996
남산 야외식물원,[],4.5,자연,0,126.9969034,37.54156581
관문체육공원,[],4.4,인문,0,126.9963618,37.44141632
세빛섬,"['경치', '산책', '활기찬', '특별한']",4.2,인문,49,126.9951433,37.51119153
백해영갤러리,[],4.4,문화,0,126.9948593,37.536510806500004
종묘광장공원,[],4.3,인문,0,126.9944167,37.57119566
이태원 앤틱 가구 거리,"['아름다운', '놀거리']",3.9,인문,21,126.994415,37.5326057
남산골한옥마을,"['산책', '경치', '조용한']",4.3,역사,100,126.9940059,37.55912483
창경궁,"['조용한', '도심의', '포토존', '아름다운']",4.6,역사,100,126.9938554,37.577678227199996
낙선재,[],4.6,역사,0,126.9935443,37.57860034
서울남산국악당,[],4.8,문화,0,126.9935365,37.55843879
한국가구박물관,"['전통적', '특별한', '아름다운', '신기한']",4.6,인문,21,126.9930021,37.599858966999996
만해한용운심우장,[],4.4,역사,0,126.9916691,37.593618
서울돈화문국악당,[],4.5,문화,0,126.9906863,37.5773421
송석정,[],3.5,역사,0,126.9904816,34.93261137
와룡공원,"['아름다운', '웅장한', '경치', '활기찬']",4.4,인문,11,126.9901581,37.59122659
서울우리소리박물관,[],4.5,문화,0,126.9896169,37.57722265
인사미술공간,[],4.4,문화,0,126.989203,37.58150548
현대원서공원,[],4.4,인문,0,126.9886309,37.578369719099996
아라리오뮤지엄 인 스페이스,"['전통적', '경치', '웅장한', '활기찬']",4.5,문화,29,126.9884254,37.57763369
탑골공원,"['산책', '전통적', '웅장한', '활기찬']",3.8,인문,32,126.9883006,37.57105945
남산서울타워 한복문화체험관,[],4.6,인문,0,126.9878595,37.551131204200004
북촌한옥마을,"['산책', '포토존', '아름다운', '도심의']",4.4,역사,100,126.9864255,37.57916125
청원산방,[],4.5,문화,0,126.9863366,37.58041666
천도교중앙대교당,[],4.3,역사,0,126.9857646,37.5752367
동림매듭공방,[],4.1,문화,0,126.9856033,37.58179149
관방제림,"['특별한', '포토존', '힐링', '산책']",4.5,자연,18,126.9856027,35.32396435
가회민화박물관,[],4.4,문화,0,126.9852144,37.58148041
명동관광정보센터,"['전통적', '경치']",4.3,인문,11,126.9849816,37.565154523400004
갈미한글공원,[],4.1,인문,0,126.9849674,37.3780068
쌈지길,[],4.4,인문,100,126.9848924,37.57431735
초전섬유ㆍ퀼트박물관,[],3.9,문화,0,126.9842485,37.5581831
명동예술극장,[],4.6,문화,0,126.9841872,37.56395465
백인제가옥,"['도심의', '포토존', '경치', '아름다운']",4.6,역사,15,126.9840701,37.58044162
삼청공원,[],4.5,인문,0,126.9840699,37.58798519
해동문화예술촌,[],4.4,문화,0,126.9839086,35.31764003
제암산자연휴양림,[],4.4,자연,0,126.983899,34.69852091
명동난타극장,['예술적'],4.5,문화,100,126.9837262,37.56346581
서울 애니메이션센터,['경치'],4.2,인문,11,126.9831152,37.559852328299996
북촌생활사박물관,[],4.1,문화,0,126.9829812,37.58449113
부엉이박물관,[],3.9,문화,10,126.9829089,37.58706305
아띠인력거,"['산책', '아름다운', '특별한', '조용한']",4.7,인문,52,126.9825258,37.57932505
삼청동길,"['경치', '아름다운']",4.3,인문,100,126.9818369,37.584993827800005
아트선재센터,[],4.2,문화,0,126.9818259,37.57951669
롯데백화점 본점,"['아름다운', '조용한', '특별한', '웅장한']",4.2,쇼핑,100,126.9817152,37.56473785
바라캇 서울,[],4.3,문화,0,126.9806676,37.5809165
국립한글박물관,[],4.5,문화,0,126.9804832,37.5210429
환구단,[],4.2,역사,0,126.9794849,37.56516276
남성사계시장,[],4.2,쇼핑,0,126.9794148,37.48839112
해우재,"['재밌는', '신기한', '포토존', '특별한']",4.1,문화,56,126.9779447,37.319219049699996
남대문시장,"['전통적', '포토존', '놀거리', '경치']",4.2,쇼핑,100,126.9776796,37.559246745500005
일민미술관,[],4.1,문화,0,126.9776488,37.569876065100004
김종영미술관,[],4.5,문화,0,126.977492,37.61306826
경복궁,['포토존'],4.6,역사,100,126.976993,37.57882224
정남진해양낚시공원,[],3.6,레포츠,0,126.9769386,34.470293594299996
충무공 이순신 동상,[],4.7,인문,0,126.9769182,37.57248686
세종대왕 동상,"['아름다운', '웅장한', '활기찬', '재밌는']",4.6,인문,100,126.9768377,37.57217578
광화문,"['산책', '아름다운', '도심의', '놀거리']",4.4,역사,100,126.976335,37.57065651
세종문화회관,"['놀거리', '예술적', '아름다운', '산책']",4.4,문화,36,126.9760489,37.572064670799996
토탈미술관,[],4.4,문화,0,126.97567,37.612140560300006
정동전망대,"['경치', '전통적']",4.5,인문,19,126.9755269,37.564409995700004
숭례문,"['도심의', '활기찬', '특별한', '아름다운']",4.6,역사,100,126.9752993,37.55998551
덕수궁,"['조용한', '산책', '전통적', '도심의']",4.6,역사,100,126.9748047,37.5657876
청와대,['포토존'],4.1,인문,66,126.9746792,37.58397993
정남진 전망대,[],4.1,인문,0,126.9746516,34.51172503
태풍전망대,['경치'],4.4,인문,78,126.9743665,38.12512238
대림미술관,"['아름다운', '조용한', '재밌는', '활기찬']",4.2,문화,42,126.9733378,37.57750288
한복남,"['아름다운', '웅장한', '조용한', '활기찬']",4.7,인문,15,126.9733212,37.57628913
국립서울현충원,"['산책', '힐링', '경치']",4.4,역사,28,126.9732511,37.50135617
배재학당역사박물관,[],4.3,문화,0,126.9724494,37.56354615
민주인권기념관,[],4.7,문화,0,126.9715529,37.54100709
갤러리정,[],4.9,문화,0,126.9713937,37.57287283
주한중국문화원,[],3.9,문화,0,126.9713159,37.57461429
녹수원글램핑,[],4,레포츠,0,126.9697866,36.62869583
대오서점,[],4.1,문화,0,126.9693409,37.57978865
서소문성지역사박물관,[],4.7,문화,0,126.9688971,37.56066309
문화일보홀,[],3.5,문화,0,126.9686163,37.56712622
부여 청마산성,[],4,역사,0,126.9686128,36.279563636300004
경희궁,"['산책', '조용한', '아름다운', '활기찬']",4.4,역사,39,126.9685079,37.5704425
박노수미술관,[],4.3,문화,0,126.9668272,37.581382866999995
손기정기념관,[],4.4,문화,0,126.9663391,37.55690793
환기미술관,[],4.4,문화,0,126.9661269,37.59409804
화정박물관,[],4.2,문화,0,126.9659044,37.60468847
숙명여자대학교 박물관,[],3.9,문화,0,126.9645618,37.54593695
황학정,[],4.4,역사,0,126.9640359,37.5776027
수성동계곡,[],4.5,자연,0,126.9631997,37.58227992
면앙정,[],4.1,역사,0,126.9630363,35.28437122
백범김구기념관,[],4.4,문화,0,126.9592623,37.54430926
장흥한옥수영장,[],3.9,인문,0,126.9582791,37.73978095
노들섬,[],4.4,인문,0,126.9580659,37.51772344
삼성출판박물관,[],3.7,문화,0,126.9570384,37.60870729
원광대학교 박물관,[],4.2,문화,0,126.9557277,35.96781848
상명아트센터,[],4,문화,0,126.9549888,37.60187472
구암서원,[],4.5,역사,0,126.9541614,35.85295654
관악산,"['도심의', '활기찬', '경치', '아름다운']",4.5,자연,26,126.9540988,37.44840364
무등현대미술관,[],4,문화,0,126.9537048,35.134163030799996
서울대학교 규장각,[],4.6,문화,0,126.9522096,37.46399346
영인산,"['경치', '산책', '힐링', '활기찬']",4.4,자연,29,126.9505937,36.84102105
두리랜드,[],4.3,인문,0,126.9505441,37.72511307
의왕레일파크,[],4.2,레포츠,0,126.9502808,37.31087786
가나아트파크,[],4.3,자연,0,126.9497497,37.72545191
장흥관광지,[],4.1,인문,0,126.949444,37.73092349
사육신공원,[],4.3,인문,0,126.949078,37.513412669299996
감악산 출렁다리,[],4.3,인문,0,126.9476077,37.938277058000004
청암민속박물관,[],3.7,문화,0,126.9468028,37.72245221
선학동 마을,[],4.1,인문,0,126.9404336,34.462221667399994
아쿠아플라넷 63,[],4.1,자연,34,126.9398592,37.51962845
은평역사한옥박물관,[],4.1,문화,0,126.9380365,37.64039771
용화사,[],3.8,역사,0,126.9372611,37.26115005
일영유원지,[],3.7,인문,0,126.9343269,37.69581342
정남진 편백숲 우드랜드,[],4.2,자연,0,126.9340042,34.668351236999996
영국군 설마리전투 추모공원,[],4.4,인문,0,126.9338809,37.94743963
여의도한강공원,"['산책', '포토존', '도심의', '놀거리']",4.5,인문,100,126.9336124,37.52638866
마장호수,[],4.4,자연,0,126.9327471,37.77462921
긱 라이브하우스,[],4.2,문화,0,126.93202,37.55635182
익산교도소세트장,[],4.1,인문,0,126.9306828,36.069523104299996
경의선책거리,[],4.4,인문,0,126.9290369,37.55649897
섭지코지,"['산책', '경치', '아름다운', '조용한']",4.1,자연,100,126.9280674,33.43025009
대안공간 루프,[],4.4,문화,0,126.9278315,37.55446308
동명동 카페거리,[],4.1,인문,0,126.926729,35.14925254
전라북도산림박물관,[],4,문화,0,126.925743,35.47712654
광치기해변,"['놀거리', '산책', '포토존', '경치']",4.6,자연,20,126.9239478,33.4523087
윤스칼라,[],4.5,문화,0,126.9237209,37.55017461
천장호 출렁다리,[],4.1,인문,0,126.9218245,36.41458624
국립아시아문화전당,"['예술적', '도심의', '산책', '경치']",4.6,문화,25,126.9207268,35.14766928
귀족호도박물관,[],4.1,문화,0,126.919097,34.6750058
전일빌딩245,[],4.7,인문,0,126.9187325,35.14839972
KBS온,"['포토존', '경치']",4.1,문화,11,126.9167445,37.52602451
삼막사계곡,"['도심의', '힐링', '경치', '조용한']",4.1,자연,10,126.9164471,37.43430183
오웬기념각,[],4.1,역사,0,126.9158941,35.13829804
모래내시장,[],3.6,쇼핑,0,126.9157738,37.57077763
낙화암,"['산책', '경치', '놀거리']",4.4,역사,24,126.9154674,36.28626194
개천사,[],4.3,역사,0,126.9153916,34.90447161
전쟁과여성인권박물관,[],4.7,문화,14,126.9148548,37.56009552
이장우가옥,[],4.4,역사,0,126.9141331,35.140617188200004
광주향교,[],4.2,역사,0,126.9092917,35.14598039
빛고을시민문화관,[],4.3,문화,0,126.9086751,35.14793016
내장산 케이블카,[],3.9,인문,0,126.9086276,35.48675571
백제역사문화관,[],4.3,문화,0,126.9085091,36.307617711999995
탐진강 생태습지원,[],4.3,자연,0,126.9051204,34.67428898
망원정지,[],4.1,역사,0,126.9046921,37.549871528000004
양화한강공원,[],4.4,인문,0,126.9022732,37.53838671
부여 가림성,[],4.5,역사,0,126.9018127,36.19498327
대림중앙시장,[],4,쇼핑,0,126.8999497,37.491667095100006
풋볼 팬타지움,['재밌는'],4.1,문화,23,126.8990115,37.56993021
문래창작촌,[],3.8,인문,0,126.8976521,37.51431998
광주패밀리랜드,[],4.2,인문,18,126.8936079,35.22273257
청춘발산마을,[],3.7,인문,0,126.8914652,35.15994796
디지털 파빌리온,[],4,인문,0,126.8897676,37.57953448
광주-기아 챔피언스 필드,[],4.6,레포츠,0,126.8890596,35.168241423400005
하피랜드,[],3.8,인문,0,126.8885015,37.168559906599995
파라다이스 스파도고,[],4.3,인문,40,126.8879486,36.765581419899995
난지천공원,[],4.5,인문,0,126.8870625,37.572515802699996
광주시립미술관,[],4.4,문화,19,126.8858429,35.18321745
중외공원,"['조용한', '경치', '산책', '힐링']",4.5,인문,12,126.8842958,35.18149818
국립광주박물관,"['포토존', '산책', '경치', '힐링']",4.4,문화,18,126.8830652,35.18904175
백양사,[],4.4,역사,0,126.8828255,35.440071672600006
목동종합운동장,[],4.1,레포츠,0,126.8819114,37.53014564
운주사,['신기한'],4.3,역사,18,126.8804275,34.92559087
난지미술창작스튜디오,[],3.9,문화,0,126.8785523,37.56936879
코리아 컨트리클럽,[],4.2,레포츠,0,126.8767192,37.66496875
금강정사,[],4.3,역사,0,126.8727953,37.44188073
신풍 신천 바다목장,[],4.2,자연,0,126.8638108,33.35600169
해녀박물관,"['특별한', '재밌는', '포토존', '활기찬']",4.3,문화,57,126.8634514,33.52358317
광명동굴,"['예술적', '전통적']",4.3,자연,65,126.8634438,37.4247381
지리청송해변,[],4.6,자연,0,126.8621025,34.19480859
신성리 갈대밭,[],4.2,자연,0,126.8610335,36.06779154
5·18 기념공원,"['아름다운', '조용한', '산책', '활기찬']",4.4,인문,23,126.8585682,35.155750652600005
광명전통시장,[],4.3,쇼핑,0,126.8561513,37.47993434
벽골제 농경문화 박물관,[],3.7,문화,0,126.8536117,35.755404808200005
홍도,[],4.3,자연,0,126.8512674,37.3164449
허준박물관,[],4.3,문화,0,126.8510493,37.567837925300005
소금막해변,[],4.5,자연,0,126.8415327,33.33400931
김대중컨벤션센터,[],4.1,문화,33,126.8405033,35.14676247
양천향교,[],4,역사,0,126.8400029,37.57295936
지천구곡,[],4,자연,0,126.8383296,36.39860884
행주산성,"['경치', '아름다운', '놀거리', '산책']",4.3,역사,46,126.8260146,37.59623973
서동요 테마파크,[],3.8,인문,0,126.8236765,36.145295930799996
제주허브동산,"['산책', '힐링', '경치']",4.2,인문,14,126.8159989,33.329520510500004
코난해변,[],4.5,자연,0,126.8112052,33.55760356
비자림,"['산책', '놀거리', '포토존', '힐링']",5,자연,100,126.8074905,33.48625306
신지명사십리해수욕장,[],4.4,자연,0,126.8059709,34.32714844
화석정,[],4.2,역사,0,126.8054971,37.887705402600005
추사고택,[],4.4,역사,0,126.7998099,36.74688481
부천활박물관,[],5,문화,0,126.7979448,37.50290842
별망성지,[],3.5,역사,0,126.7979338,37.29982921
부천 원미공원,[],4.3,인문,0,126.7978866,37.497545149699995
소사종합시장,[],3.7,쇼핑,0,126.7939653,37.47971382
백약이오름,[],4.5,자연,0,126.7901986,33.43723598
도당공원,[],4.3,인문,0,126.789962,37.51227941
솔뫼성지,"['힐링', '산책', '경치', '놀거리']",4.6,역사,11,126.7859286,36.81995392
소전미술관,[],4.1,문화,0,126.7854974,37.45203077
합덕수리민속박물관,[],4.3,문화,0,126.7838767,36.79389022
오성골프클럽,[],4.1,레포츠,0,126.7767353,37.71442232
우도,"['재밌는', '아름다운']",4.4,자연,100,126.7726523,34.52837259
일산호수공원,"['아름다운', '도심의', '놀거리', '조용한']",4.6,인문,100,126.7688127,37.65392367
북부수자원생태공원,[],4,자연,0,126.7686796,37.5468389
금강습지생태공원,[],4.2,자연,0,126.7686263,36.02322004
나주배박물관,[],4,문화,0,126.7668793,35.034129506599996
완도타워,[],4.3,인문,0,126.7662914,34.31032189
고운식물원,[],4,자연,0,126.7606635,36.43378124
매향리평화생태공원,[],4.5,자연,0,126.7556892,37.04368867
보롬왓,[],4.1,인문,0,126.752508,33.41352411
따라비 오름,"['경치', '조용한', '산책', '웅장한']",4.6,자연,20,126.750331,33.38594378
인천대공원,"['산책', '힐링', '경치', '놀거리']",4.5,인문,88,126.7492728,37.45767392
현대모터스튜디오 고양,"['힐링', '아름다운', '포토존', '산책']",4.6,문화,11,126.7476976,37.66626074
소래습지생태공원,"['경치', '조용한', '포토존', '놀거리']",4.2,자연,10,126.7463494,37.407415815300006
월봉서원,[],4.5,역사,0,126.7453845,35.23598968
월곶포구,[],3.6,자연,0,126.7408199,37.38761524
소래포구,"['놀거리', '도심의', '웅장한', '활기찬']",3.6,자연,25,126.7400613,37.39890836
경암동 철길마을,"['산책', '경치']",3.8,인문,30,126.7362331,35.981352047399994
외가집,[],4.4,인문,0,126.7325642,36.18632022
나주학생독립운동기념관,[],4.4,문화,0,126.7262831,35.028148946900004
계양산,['산책'],4.2,자연,30,126.7234086,37.5502377
월출산국립공원,"['조용한', '웅장한', '활기찬', '산책']",4.7,자연,13,126.7217341,34.775257912600004
배곧생명공원,[],4.5,인문,0,126.7214971,37.37137234
김포아트홀,[],4.1,문화,0,126.7201431,37.61899909
물영아리오름,[],4.4,자연,0,126.7169964,33.32685255
나주 목사내아,[],4.6,역사,0,126.7153145,35.03222608
나주 완사천,[],4.4,자연,0,126.7139733,35.015602933800004
일본인지주가옥,[],3,역사,0,126.7130099,34.99985747
만수산자연휴양림,[],4.2,자연,0,126.7119565,36.33858576
나주향교,[],4.1,역사,0,126.7113842,35.03345365
영산포 홍어거리,[],3.9,인문,0,126.7103907,34.99996575
도라산역,['도심의'],4.1,역사,100,126.7096417,37.89890793
테디베어뮤지엄 군산,[],4,문화,0,126.7094242,35.98554
영산포 등대,[],4.3,자연,0,126.7089297,34.99961854
영산강 황포돛배,[],5,인문,0,126.7074965,35.00274317
옥산서원,"['경치', '산책', '아름다운', '힐링']",4.4,역사,13,126.7066509,35.930893411999996
다희연,[],4,인문,0,126.7061798,33.48715967
영산강둔치체육공원,[],4.3,인문,0,126.7052106,35.00150438
고창읍성,"['산책', '포토존', '힐링', '경치']",4.4,역사,14,126.7044055,35.43032809
월명공원,[],4.3,인문,0,126.7029275,35.98914503
고창판소리박물관,[],4.3,문화,0,126.7027306,35.43241671
김포한강야생조류생태공원,[],4.3,자연,0,126.6993635,37.65483621
세계민속악기박물관,[],4.4,문화,0,126.6993458,37.7894483
헤이리 예술마을,"['산책', '재밌는', '힐링', '경치']",4,인문,94,126.6993125,37.78806513
주작산자연휴양림,[],4.3,자연,0,126.6993007,34.51690044
제3땅굴,"['예술적', '신기한', '포토존', '재밌는']",4.5,역사,100,126.699195,37.91655291
김포 아트빌리지,[],4.2,문화,0,126.6958112,37.64679264
기지시줄다리기박물관,[],4.1,문화,0,126.6947765,36.896210200300004
인천나비공원,"['산책', '놀거리', '아름다운', '도심의']",4.3,인문,22,126.6926984,37.52025453
미천서원,[],4.2,역사,0,126.6882453,35.005337
월출산 기찬랜드,[],4.2,인문,0,126.6867923,34.791941567100004
파주 출판도시,"['힐링', '산책', '놀거리', '아름다운']",3.8,인문,27,126.6866798,37.70834364
아미미술관,[],4,문화,0,126.6798565,36.862369401100004
화흥포항,[],4.2,자연,0,126.6794047,34.30544601
궁평항,[],3.9,자연,0,126.6789136,37.115401255100004
코스모40,[],4.3,문화,0,126.6779396,37.486544301900004
오두산 통일전망대,['경치'],4.3,인문,34,126.6772705,37.77323036
머체왓숲길,[],4.4,레포츠,0,126.6739361,33.33056812
완도 청해포구촬영장,[],5,인문,0,126.6704023,34.32331331
영모정,[],3.8,역사,0,126.6683223,34.997959719099995
용봉산자연휴양림,[],4.4,자연,0,126.664575,36.63748116
수봉공원,"['특별한', '조용한']",4.4,인문,16,126.6633194,37.45989159
도갑사,[],4.5,역사,0,126.6629176,34.75299277
국립나주박물관,[],4.4,문화,0,126.6597917,34.9148134
개화예술공원,"['예술적', '조용한', '경치', '산책']",4.1,인문,11,126.6585619,36.31331829
가천박물관,[],4.1,문화,0,126.6576044,37.4182241
제주돌문화공원,"['산책', '아름다운', '웅장한', '포토존']",4.4,문화,100,126.656771,33.45136839
스플라스 리솜,[],4.1,인문,0,126.6558382,36.6938523
국제리더스클럽,[],4.3,레포츠,0,126.6524885,33.55156279
고창고인돌박물관,[],4.1,문화,0,126.6523682,35.44161204
전곡항,[],4,자연,0,126.6515891,37.18706192
윤봉길의사기념관,[],4.5,문화,0,126.6513694,36.68652529
제부도,"['경치', '조용한']",4.1,자연,40,126.6501116,37.18396226
개암사,[],4.5,역사,0,126.6498267,35.66285076
용봉산,[],4.4,자연,0,126.6474905,36.63614769
청라 스파렉스,[],4,인문,0,126.6463884,37.532144
탄도바닷길,[],4.5,자연,0,126.6461339,37.19255841
선양빌리지돔,[],3.9,레포츠,0,126.643866,33.474673936100004
국립생물자원관,"['경치', '힐링']",4.5,문화,13,126.6402463,37.568800735399996
송현근린공원,[],4.3,인문,0,126.6398849,37.47922781
송도 한옥마을,[],4.4,역사,0,126.6389152,37.3909075
당진문예의전당,[],4.3,문화,0,126.637454,36.88972106
청라호수공원,"['예술적', '포토존']",4.6,인문,12,126.636281,37.53059678
연북정,[],4,역사,0,126.635968,33.54023044
왕인박사유적지,[],4.4,역사,0,126.6310731,34.75546975
태산패밀리파크,[],3,인문,0,126.6301345,37.72442132
애관극장,[],4.3,문화,0,126.629861,37.47242009
달맞이공원,[],4.6,인문,0,126.627044,35.1653929
영암 왕인박사마을,[],4.4,역사,0,126.6255623,34.76389649
두륜산케이블카,[],4.2,인문,0,126.625341,34.496818140500004
제주절물자연휴양림,"['아름다운', '도심의', '놀거리', '힐링']",4.6,자연,93,126.6252157,33.44007746
쇠소깍,"['산책', '경치', '신기한']",4.2,자연,100,126.6231007,33.25217874
인천개항장 근대건축전시관,[],4.2,문화,0,126.6212118,37.47293933
한국근대문학관,[],4.6,문화,0,126.6210313,37.47266713
송월동 동화마을,['포토존'],3.9,인문,89,126.6197312,37.47834423
인천개항박물관,[],4,문화,0,126.6185036,37.476058360500005
중구생활사전시관,[],4.1,문화,0,126.6178814,37.476341650100004
맥파이 브루어리,[],4.6,인문,0,126.6172288,33.503189799699996
월미바다열차,[],4.2,인문,0,126.6171037,37.47664716
곰소염전,[],4.1,자연,0,126.6170703,35.5927554
두륜산도립공원,"['포토존', '경치']",4.1,자연,10,126.6161142,34.48960491
청라해변공원캠핑장,[],3.9,레포츠,0,126.6155549,37.53898155
보령문화예술회관,[],4.6,문화,0,126.6145153,36.33387074
새만금환경생태단지,[],4.4,자연,0,126.6136474,35.74057464
경인 아라뱃길,[],4.1,자연,0,126.6074801,37.558493023000004
카라반에코빌리지,[],4.8,레포츠,0,126.6054284,36.60525329
사라오름,[],4.6,자연,0,126.6050441,33.36425219
제주마방목지,[],4.2,인문,0,126.6037011,33.42762016
팔미도 유람선,[],3.9,인문,0,126.6018724,37.45551601
한국이민사박물관,[],4.2,문화,0,126.6002527,37.47012262
한라생태숲,[],4.5,자연,0,126.5982321,33.43194182
월미도,"['경치', '아름다운', '조용한']",4.1,자연,78,126.5973223,37.47268893
대부도캠핑성,[],3,레포츠,0,126.596671,37.2192489
월미테마파크,"['포토존', '놀거리', '경치']",4,인문,27,126.5960475,37.4714835
모평마을,[],3.8,역사,0,126.5943526,35.16040681
씨엘관광농원캠핑장,[],3.8,레포츠,0,126.5928455,37.250825725700004
마한문화공원,[],4.1,인문,0,126.5854265,34.89518382
변산반도국립공원,['경치'],4.3,자연,10,126.5797696,35.64185752
통리해수욕장,[],3.7,자연,0,126.5788031,34.15810527
영종씨사이드 레일바이크,[],4.2,레포츠,0,126.5768543,37.48850618
대부바다향기테마파크,[],3.9,인문,0,126.5749378,37.2865796
다도박물관,[],4,문화,0,126.5744031,37.73751325
왈종미술관,[],4.3,문화,0,126.5736773,33.24532871
이중섭 미술관,"['재밌는', '아름다운', '포토존']",4.2,문화,79,126.5649281,33.24584796
김포인삼쌀맥주갤러리,[],2.3,문화,0,126.5637622,37.64648201
서귀포매일올레시장,"['놀거리', '신기한']",4.1,쇼핑,100,126.5632364,33.25017801
대부도나라펜션캠핑장,[],3.9,레포츠,0,126.560386,37.19981996
김포캠핑파크,[],4.1,레포츠,0,126.5585126,37.74728128
낭만농장 귤밭76번지,[],4,인문,0,126.5565399,33.49226504
세계조가비박물관,"['아름다운', '신기한', '조용한', '포토존']",4,문화,28,126.5516736,33.247444791599996
서산 해미읍성,"['전통적', '경치', '포토존']",4.3,역사,41,126.5503805,36.71360931
모충사,[],4,역사,0,126.5470457,33.51617335
용천사(함평),[],4.2,역사,0,126.5453369,35.18349505
김포 대명항,[],3.6,자연,0,126.5417172,37.63944077
덕포진교육박물관,[],4.3,문화,0,126.538731,37.650653302100004
상화원,[],4.2,인문,0,126.538557,36.27730092
함평향교,[],3.7,역사,0,126.5350906,35.06830512
강화해수랜드,[],3.8,인문,0,126.5337766,37.62606997
문수산산림욕장,[],4.3,자연,0,126.5308516,37.73781522
광성보,"['경치', '산책', '힐링', '아름다운']",4.4,역사,20,126.5302453,37.66417935
탑동광장,[],4.2,인문,0,126.5251198,33.51818945
땅끝전망대,"['경치', '전통적', '포토존', '산책']",4.1,인문,25,126.5250352,34.29474746
춘장대해수욕장,"['경치', '놀거리']",4.2,자연,25,126.524339,36.16323319
아라리오뮤지엄 탑동시네마,"['전통적', '예술적', '도심의', '웅장한']",4.5,문화,17,126.5234033,33.51745061
보령 충청수영성,[],4.3,역사,0,126.5230097,36.43939317
함평군립미술관,[],4.4,문화,0,126.5222115,35.05920316
서산 경주김씨 고택,[],5,역사,0,126.5193409,36.7411556
갑곶돈대,[],4.2,역사,0,126.517114,37.7335377
제스토리,[],4.2,쇼핑,0,126.5149354,33.23611213
용두암,[],3.9,자연,100,126.511971,33.51580339
연미정,[],4.4,역사,0,126.5118496,37.770883253600005
팔미도등대,[],4.2,자연,0,126.511075,37.35853124
대천해수욕장,"['경치', '산책', '포토존']",4.4,자연,10,126.5093476,36.31320186
제주월드컵경기장,"['웅장한', '경치', '아름다운', '산책']",4.2,레포츠,19,126.5092023,33.24628869
고사포해수욕장,[],4.2,자연,0,126.5082533,35.66191792
서건도카라반,[],4.9,레포츠,0,126.5002006,33.23247618
삼무공원,[],4.3,인문,0,126.4924649,33.49148633
한라수목원,"['힐링', '산책', '도심의', '놀거리']",4.3,자연,30,126.4921488,33.46976928
신비의도로,"['신기한', '예술적']",3.8,인문,100,126.4878468,33.450554672399996
옥토끼우주센터,"['경치', '놀거리', '산책']",4.1,인문,24,126.4871684,37.6742552
고려궁지,[],4,역사,0,126.4854359,37.75088512
소창체험관,[],4.5,인문,0,126.4848667,37.74576349
김상용순절비,[],3,역사,0,126.4848666,37.74843262
연등국제선원,[],4.6,역사,0,126.483405,37.670983291199995
도순다원,[],3.8,인문,0,126.4829235,33.27241873
격포항,"['아름다운', '웅장한', '경치', '조용한']",4,자연,13,126.4686633,35.62271339
보해매실농원,[],4.3,인문,0,126.4634133,34.624273404600004
분오리돈대,[],4.2,역사,0,126.4615398,37.59045896
서귀포천문과학문화관,[],4.3,문화,0,126.4604112,33.288877663600005
궁리포구,[],3.9,자연,0,126.4577366,36.5888943
승달산,[],5,자연,0,126.4564543,34.90946341
더 스파 앳 파라다이스,[],4.3,인문,0,126.4557445,37.43734611
강화화문석문화관,[],4.2,문화,0,126.4547736,37.795759899299995
상하농원,[],5,인문,0,126.4504388,35.44778574
파라다이스시티,[],4.6,인문,0,126.4492728,37.43978738
블랙트리캠핑,[],4.4,레포츠,0,126.4477889,37.26427996
서산수골프앤리조트,[],4.3,레포츠,0,126.4433161,36.99212808
해남공룡박물관,[],4.5,문화,10,126.437297,34.58989906
구시포해수욕장,[],4.1,자연,0,126.4362984,35.44638844
강화역사박물관,"['산책', '경치', '힐링']",4.3,문화,17,126.4352815,37.7737399
고려산,[],4.2,자연,0,126.4352713,37.74072987
평화광장,[],4.2,인문,0,126.4338007,34.79670075
제주공룡랜드,"['포토존', '힐링', '놀거리']",3.6,자연,38,126.4323712,33.44280465
강화 참성단,"['경치', '웅장한', '아름다운']",4.4,역사,22,126.4315613,37.61401957
백제불교최초도래지,[],4.2,역사,0,126.4314037,35.36201182
영목항,[],3.5,자연,0,126.4267139,36.39965997
제주국제컨벤션센터,"['놀거리', '포토존']",4.3,문화,30,126.4244959,33.24127402
난지섬해수욕장,[],4.3,자연,0,126.4241914,37.04701029
베릿네오름,[],4.3,자연,0,126.4220099,33.24747885
갓바위 문화타운,[],4.2,인문,0,126.4209824,34.79365643
목포자연사박물관,[],4.3,문화,20,126.4209713,34.79371476
중문골프클럽,[],3,레포츠,0,126.411444,33.25424738
고남패총박물관,[],3.9,문화,0,126.4100981,36.42032398
가마미해수욕장,[],4,자연,0,126.409077,35.39972939
제주불빛정원,[],4,자연,0,126.4089793,33.42262596
제주플래티늄카라반,[],4.1,레포츠,0,126.4013897,33.48349132
백수해안도로,[],4.2,자연,0,126.3960374,35.36449984
대유랜드,[],4,레포츠,0,126.3950726,33.27764454
김대중 노벨평화상기념관,[],4.4,문화,0,126.3922741,34.782834961199995
본태박물관,"['조용한', '전통적', '웅장한']",4.2,문화,28,126.3919251,33.30334165
실미도,[],3.7,자연,0,126.3912903,37.40080479
심은미술관,[],4.4,문화,0,126.3908051,37.77287533
목포어린이바다과학관,[],4,문화,0,126.3888966,34.78204055
논짓물,[],4.3,자연,0,126.3881241,33.2369517
구엄리돌염전,[],4.1,자연,0,126.381211,33.4789304
서산버드랜드,[],4.1,자연,0,126.3777623,36.62922718
을왕리해수욕장,"['산책', '경치', '조용한']",3.9,자연,100,126.3729297,37.44509099
제주유리박물관,['재밌는'],3.3,문화,57,126.3701776,33.27844684
목포 해상케이블카,[],4.3,인문,0,126.3700534,34.79941606
왕산해수욕장,[],3.9,자연,0,126.3693186,37.45653126
군산오름,[],4.6,자연,0,126.3684394,33.2528413
카멜리아힐,[],4.2,자연,85,126.3682664,33.28989832
에버리스골프리조트,[],4.3,레포츠,0,126.3621038,33.37825512
목포대교,['경치'],4.3,인문,25,126.3604293,34.79889374
그리스신화박물관,['힐링'],3.8,문화,14,126.357666,33.34810283
새별오름,"['포토존', '놀거리']",4.4,자연,45,126.3570489,33.36736458
피규어뮤지엄 제주,[],4.4,문화,0,126.3553982,33.28197122
진도해양생태관,[],3.7,문화,0,126.3529081,34.43484842
헬로키티아일랜드,[],4,문화,58,126.3521344,33.29008416
캐슬렉스제주 골프클럽,[],4.1,레포츠,0,126.3488697,33.34025634
천일염전,[],3.9,자연,0,126.3412224,35.26595732
진도 용장성,[],4,역사,0,126.3380075,34.5160974
벌천포해수욕장,[],4,자연,0,126.3369098,36.96788183
조금나루해수욕장,[],3.7,자연,0,126.3363628,34.996046110900004
할미할아비바위,[],4.3,자연,0,126.3304532,36.50167716
삼봉해수욕장,[],4.3,자연,0,126.3166915,36.57073842
백사장항,[],4,자연,0,126.3152802,36.585697788400005
안면도 쥬라기박물관,[],3.8,문화,0,126.3107216,36.60933665
명량해상케이블카,[],4.4,인문,0,126.3089615,34.57285167
금오름,[],4.5,자연,0,126.3056925,33.3555623
청포대해수욕장,[],4.2,자연,0,126.3026355,36.63873035
스카이랜드리조트,[],3.9,레포츠,0,126.3005378,37.69186654
교동향교,[],3.8,역사,0,126.2976775,37.77456795
청산수목원,[],3.6,자연,0,126.2967986,36.688605059299995
교동읍성,[],3.2,역사,0,126.2953056,37.76944906
화개사,[],3.9,역사,0,126.2928029,37.77648708
송악산,"['산책', '힐링', '경치', '활기찬']",4.7,자연,87,126.2907751,33.19945153
팜카밀레,[],3.9,인문,0,126.2803917,36.69077397
진도개테마파크,[],4.2,인문,0,126.2785746,34.482394663899996
제주 추사관,[],4.4,문화,0,126.2785639,33.249806895300004
금갑해변,[],3.5,자연,0,126.2773518,34.39579325
가파도,['조용한'],4.5,자연,30,126.2735884,33.16643269
제주곶자왈도립공원,[],4.4,자연,0,126.2735803,33.28325035
생각하는 정원,"['산책', '경치', '아름다운', '조용한']",4.2,자연,100,126.2551754,33.32540095
협재해수욕장,"['아름다운', '경치']",4.6,자연,70,126.2394419,33.393776476999996
초콜릿 박물관,"['신기한', '재밌는']",4.7,문화,11,126.2300235,33.257022005799996
여귀산,[],4.6,자연,0,126.2214096,34.38835985
월령 선인장군락지,[],4.4,자연,0,126.2157332,33.37790564
두웅습지,[],4.3,자연,0,126.1957289,36.83595022
태안 신두리 해안사구,[],4.3,자연,0,126.1846909,36.83734987
태평염전,[],4,자연,0,126.1769991,34.99680453
소금박물관,"['놀거리', '포토존']",3.6,문화,10,126.1754576,34.996374
신창풍차해안도로,[],4.5,자연,0,126.1739015,33.34344769
구름포해수욕장카라반,[],1.8,레포츠,0,126.1526883,36.83558008
천리포수목원,"['경치', '특별한']",4.3,자연,18,126.1437513,36.79437358
짱뚱어다리,[],4.2,인문,0,126.1358696,34.99108784
세방낙조 전망대,[],4.4,자연,0,126.1022217,34.44041598
급치산전망대,[],4.1,인문,0,126.1001392,34.41186082
하조도 등대,[],4.5,자연,0,126.0878815,34.3110747
신안튤립공원,[],4,인문,0,126.0739641,35.102682544000004
흑산도,[],3,자연,0,125.1125145,34.07401665
백령도,"['경치', '웅장한', '조용한', '산책']",4.2,자연,10,124.6766833,37.96440164
간절곶,"['경치', '산책', '아름다운']",4.3,자연,34,129.3617978,35.3591413
익선동 한옥거리,"['아름다운', '조용한', '신기한', '재밌는']",4.2,인문,39,126.9901271,37.5737132
고양서오릉,"['산책', '조용한', '힐링', '경치']",4.5,역사,40,126.9007386,37.6234762
경기도종합사격장,[],4.4,레포츠,0,126.957,37.092628
강원도 산림박물관,[],4.4,문화,0,127.727532,37.9232338
강원도립화목원,[],4.3,자연,0,127.725416,37.9233401
법련사,[],4.3,역사,0,126.9799382,37.576809
화성 공룡알 화석지,[],3.8,자연,0,126.7575692,37.2586815
글램핑판,[],3.6,레포츠,0,126.7225,36.1841667
